window_id,duration_s,total_events,system_events,process_events,filesystem_events,process_create_rate,filesystem_event_rate,suspicious_process_events,unique_process_names,process_burst,cpu_percent_mean,cpu_percent_max,cpu_percent_std,memory_percent_mean,memory_percent_max,memory_percent_std,disk_read_bytes_mean,disk_read_bytes_max,disk_read_bytes_std,disk_write_bytes_mean,disk_write_bytes_max,disk_write_bytes_std,process_count_mean,process_count_max,process_count_std,disk_write_rate,disk_read_rate,write_read_ratio,fs_created,fs_modified,fs_deleted,fs_renamed,label,session_id,source_file
0,10.0,8,5,3,0,0.3,0.0,0,1,0,3.94,6.7,2.5024787711387284,68.14,70.5,1.6206171663906321,10232627.2,51109888.0,20438633.58082502,252313.6,643072.0,235448.39815942687,818.4,819.0,1.2,126156.8,5116313.6,0.024657753582579458,0,0,0,0,0,supplied_telemetry,supplied_telemetry.jsonl
1,10.0,5,5,0,0,0.0,0.0,0,0,0,2.5,3.3,0.6572670690061992,68.82000000000001,70.4,0.9806120537705038,13107.2,32768.0,16052.975978303837,933068.8,4128768.0,1602612.3311072332,819.0,819.0,0.0,466534.4,6553.6,71.1875,0,0,0,0,0,supplied_telemetry,supplied_telemetry.jsonl
2,10.0,5,5,0,0,0.0,0.0,0,0,0,2.2,3.7,0.7563068160475616,66.54,66.8,0.13564659966250311,819.2,4096.0,1638.4000000000003,108953.6,278528.0,120970.07433179497,819.0,819.0,0.0,54476.8,409.6,133.0,0,0,0,0,0,supplied_telemetry,supplied_telemetry.jsonl
3,10.0,5,5,0,0,0.0,0.0,0,0,0,1.98,2.3,0.17204650534085247,66.34,66.4,0.04898979485566774,40960.0,98304.0,42329.737405280466,171212.8,335872.0,133542.1638261115,819.0,819.0,0.0,85606.4,20480.0,4.18,0,0,0,0,0,supplied_telemetry,supplied_telemetry.jsonl
4,10.0,5,5,0,0,0.0,0.0,0,0,0,2.1,2.9,0.5215361924162119,66.47999999999999,67.2,0.3600000000000023,4096.0,20480.0,8192.0,372736.0,1376256.0,512016.3837378644,817.2,819.0,1.469693845669907,186368.0,2048.0,91.0,0,0,0,0,0,supplied_telemetry,supplied_telemetry.jsonl
5,10.0,5,5,0,0,0.0,0.0,0,0,0,2.88,6.9,2.0173249614278808,67.1,69.1,1.0019980039900267,11427020.8,57008128.0,22790574.267340247,246579.2,753664.0,287775.9936661847,816.0,816.0,0.0,123289.6,5713510.4,0.02157860778550434,0,0,0,0,0,supplied_telemetry,supplied_telemetry.jsonl
6,10.0,6,5,1,0,0.1,0.0,0,1,0,3.4200000000000004,4.9,0.8518215775618743,69.5,70.4,0.7536577472566756,25395.2,61440.0,23228.328966156823,285900.8,647168.0,237799.52304611547,816.0,816.0,0.0,142950.4,12697.6,11.258064516129032,0,0,0,0,0,supplied_telemetry,supplied_telemetry.jsonl
7,10.0,5,5,0,0,0.0,0.0,0,0,0,4.46,6.8,1.2338557452149743,68.85999999999999,71.9,2.1583326898325947,13674086.4,68308992.0,27317461.444264147,1102643.2,3895296.0,1406083.2418861124,816.0,816.0,0.0,551321.6,6837043.2,0.08063743110472082,0,0,0,0,0,supplied_telemetry,supplied_telemetry.jsonl
8,10.0,5,5,0,0,0.0,0.0,0,0,0,2.48,4.4,1.012719112093773,68.9,69.7,0.729383301152421,2328166.4,11616256.0,4644048.773891402,179404.8,430080.0,193223.56325707276,816.0,816.0,0.0,89702.4,1164083.2,0.07705840957072484,0,0,0,0,0,supplied_telemetry,supplied_telemetry.jsonl
9,10.0,5,5,0,0,0.0,0.0,0,0,0,3.22,5.4,1.7474552927042226,68.17999999999999,70.3,1.0851727973000418,14778368.0,39796736.0,18183172.538423717,234291.2,589824.0,209791.98594264747,816.0,816.0,0.0,117145.6,7389184.0,0.015853658536585366,0,0,0,0,0,supplied_telemetry,supplied_telemetry.jsonl
10,10.0,5,5,0,0,0.0,0.0,0,0,0,2.18,2.9,0.6493073232299171,69.14,70.3,1.1128342194594838,0.0,0.0,0.0,1315635.2,6066176.0,2377497.6461715708,816.0,816.0,0.0,657817.6,0.0,657817.6,0,0,0,0,0,supplied_telemetry,supplied_telemetry.jsonl
11,10.0,5,5,0,0,0.0,0.0,0,0,0,1.94,2.8,0.4454211490264017,66.58,66.8,0.13266499161421316,16384.0,81920.0,32768.0,122880.0,339968.0,128303.56323656799,816.0,816.0,0.0,61440.0,8192.0,7.5,0,0,0,0,0,supplied_telemetry,supplied_telemetry.jsonl
12,10.0,5,5,0,0,0.0,0.0,0,0,0,1.9,2.6,0.3687817782917155,66.3,66.3,0.0,6553.6,32768.0,13107.2,167936.0,524288.0,196197.97244212287,816.0,816.0,0.0,83968.0,3276.8,25.625,0,0,0,0,0,supplied_telemetry,supplied_telemetry.jsonl
13,10.0,5,5,0,0,0.0,0.0,0,0,0,2.16,3.1,0.5314132102234569,66.44,67.0,0.28000000000000114,0.0,0.0,0.0,449740.8,1695744.0,635027.4388800535,816.0,816.0,0.0,224870.4,0.0,224870.4,0,0,0,0,0,supplied_telemetry,supplied_telemetry.jsonl
14,10.0,5,5,0,0,0.0,0.0,0,0,0,1.6400000000000001,1.8,0.1019803902718557,66.73999999999998,66.9,0.10198039027185826,0.0,0.0,0.0,123699.2,331776.0,131159.0111191755,816.0,816.0,0.0,61849.6,0.0,61849.6,0,0,0,0,0,supplied_telemetry,supplied_telemetry.jsonl
15,10.0,5,5,0,0,0.0,0.0,0,0,0,1.78,1.9,0.07483314773547882,66.52000000000001,66.6,0.039999999999997725,9830.4,49152.0,19660.8,110592.0,278528.0,122743.39073041774,816.0,816.0,0.0,55296.0,4915.2,11.25,0,0,0,0,0,supplied_telemetry,supplied_telemetry.jsonl
16,10.0,5,5,0,0,0.0,0.0,0,0,0,2.04,2.9,0.6019966777316965,66.56000000000002,67.1,0.27276363393971287,6553.6,32768.0,13107.200000000003,290816.0,1150976.0,442663.72337656043,816.0,816.0,0.0,145408.0,3276.8,44.375,0,0,0,0,0,supplied_telemetry,supplied_telemetry.jsonl
17,10.0,5,5,0,0,0.0,0.0,0,0,0,1.6599999999999997,1.9,0.1496662954709576,66.42,66.6,0.09797958971132503,0.0,0.0,0.0,88473.6,233472.0,101050.90175866814,816.0,816.0,0.0,44236.8,0.0,44236.8,0,0,0,0,0,supplied_telemetry,supplied_telemetry.jsonl
18,10.0,5,5,0,0,0.0,0.0,0,0,0,1.9600000000000002,2.7,0.3773592452822642,66.3,66.3,0.0,40960.0,188416.0,74000.56285191349,168755.2,389120.0,161517.4906669863,815.2,816.0,0.4000000000000001,84377.6,20480.0,4.12,0,0,0,0,0,supplied_telemetry,supplied_telemetry.jsonl
19,10.0,5,5,0,0,0.0,0.0,0,0,0,3.0,4.7,1.2214745187681977,66.46,67.1,0.31999999999999884,77004.8,380928.0,151969.88009786676,531660.8,2244608.0,867069.7007586876,815.0,815.0,0.0,265830.4,38502.4,6.904255319148937,0,0,0,0,0,supplied_telemetry,supplied_telemetry.jsonl
20,10.0,6,5,1,0,0.1,0.0,0,1,0,3.28,4.8,0.7858753081755399,66.7,67.1,0.24494897427831433,50790.4,253952.0,101580.80000000002,229376.0,536576.0,198391.9069317093,816.0,816.0,0.0,114688.0,25395.2,4.516129032258064,0,0,0,0,0,supplied_telemetry,supplied_telemetry.jsonl
21,10.0,6,5,1,0,0.1,0.0,0,1,0,2.5599999999999996,4.4,0.9687104830649869,66.3,66.3,0.0,9830.4,49152.0,19660.8,138444.8,344064.0,144360.61314139672,817.0,817.0,0.0,69222.4,4915.2,14.083333333333332,0,0,0,0,0,supplied_telemetry,supplied_telemetry.jsonl
22,10.0,5,5,0,0,0.0,0.0,0,0,0,2.3,3.6,0.7014271166700072,66.46000000000001,66.8,0.2059126028197396,23756.8,94208.0,35745.66785723831,583270.4,2277376.0,856370.0673913353,817.0,817.0,0.0,291635.2,11878.4,24.551724137931036,0,0,0,0,0,supplied_telemetry,supplied_telemetry.jsonl
23,10.0,5,5,0,0,0.0,0.0,0,0,0,3.2199999999999998,4.5,0.994786409235671,66.36,66.5,0.08000000000000185,2457.6,8192.0,3276.7999999999997,580812.8,1568768.0,610462.8711338307,817.0,817.0,0.0,290406.4,1228.8,236.33333333333337,0,0,0,0,0,supplied_telemetry,supplied_telemetry.jsonl
24,10.0,5,5,0,0,0.0,0.0,0,0,0,2.12,2.6,0.2925747767665559,66.2,66.2,0.0,430899.2,2154496.0,861798.4,113049.6,274432.0,117337.35355052116,817.0,817.0,0.0,56524.8,215449.6,0.2623574144486692,0,0,0,0,0,supplied_telemetry,supplied_telemetry.jsonl
25,10.0,5,5,0,0,0.0,0.0,0,0,0,2.9999999999999996,4.0,0.7563068160475616,66.38,66.9,0.27129319932501184,3146547.2,14508032.0,5699642.738957115,734003.2,1724416.0,762359.6855423036,815.4,817.0,0.8,367001.6,1573273.6,0.23327258526425407,0,0,0,0,0,supplied_telemetry,supplied_telemetry.jsonl
26,10.0,6,5,1,0,0.1,0.0,0,1,0,2.12,2.6,0.25612496949731406,66.64,66.8,0.10198039027185603,1638.4,8192.0,3276.8,1415577.6,6086656.0,2338786.015079242,816.0,816.0,0.0,707788.8,819.2,864.0,0,0,0,0,0,supplied_telemetry,supplied_telemetry.jsonl
27,10.0,5,5,0,0,0.0,0.0,0,0,0,2.0,2.1,0.08944271909999167,66.5,66.5,0.0,0.0,0.0,0.0,371916.8,1228800.0,445492.6799193899,816.0,816.0,0.0,185958.4,0.0,185958.4,0,0,0,0,0,supplied_telemetry,supplied_telemetry.jsonl
28,10.0,5,5,0,0,0.0,0.0,0,0,0,3.3199999999999994,4.0,0.515363949069005,66.6,67.1,0.26076809620810204,0.0,0.0,0.0,348160.0,1363968.0,519704.76709454955,816.0,816.0,0.0,174080.0,0.0,174080.0,0,0,0,0,0,supplied_telemetry,supplied_telemetry.jsonl
29,10.0,5,5,0,0,0.0,0.0,0,0,0,1.8400000000000003,2.0,0.10198039027185568,66.8,66.9,0.10954451150103738,6553.6,32768.0,13107.200000000003,244121.6,729088.0,261356.89834217122,816.0,816.0,0.0,122060.8,3276.8,37.25,0,0,0,0,0,supplied_telemetry,supplied_telemetry.jsonl
30,10.0,5,5,0,0,0.0,0.0,0,0,0,1.8400000000000003,1.9,0.07999999999999997,66.52000000000001,66.6,0.039999999999997725,13107.2,65536.0,26214.400000000005,149913.6,421888.0,167497.85575893204,815.2,816.0,0.4000000000000001,74956.8,6553.6,11.4375,0,0,0,0,0,supplied_telemetry,supplied_telemetry.jsonl
31,10.0,5,5,0,0,0.0,0.0,0,0,0,3.84,7.3,2.024450542739931,66.7,67.0,0.20976176963403195,0.0,0.0,0.0,408780.8,1417216.0,551647.1146022247,815.2,816.0,0.4,204390.4,0.0,204390.4,0,0,0,0,0,supplied_telemetry,supplied_telemetry.jsonl
32,10.0,6,5,1,0,0.1,0.0,0,1,0,2.58,3.7,0.6675327707311455,66.66,66.8,0.11999999999999982,0.0,0.0,0.0,127795.2,299008.0,136548.62421042548,816.2,817.0,0.4,63897.6,0.0,63897.6,0,0,0,0,0,supplied_telemetry,supplied_telemetry.jsonl
33,10.0,7,5,2,0,0.2,0.0,0,2,0,10.82,15.5,3.82747958844982,65.34,66.0,0.37735924528226394,18415616.0,53772288.0,18954187.311779823,4075520.0,15556608.0,5797768.996306079,817.8,818.0,0.4000000000000001,2037760.0,9207808.0,0.22130782918149466,0,0,0,0,0,supplied_telemetry,supplied_telemetry.jsonl
34,10.0,5,5,0,0,0.0,0.0,0,0,0,3.7,8.6,2.590752786353804,64.88,65.5,0.3124099870362653,625868.8,2473984.0,946501.8507304463,1886617.6,8159232.0,3149718.6420871057,818.0,818.0,0.0,943308.8,312934.4,3.014397905759162,0,0,0,0,0,supplied_telemetry,supplied_telemetry.jsonl
35,10.0,5,5,0,0,0.0,0.0,0,0,0,1.58,1.7,0.09797958971132716,65.25999999999999,65.4,0.10198039027185826,819.2,4096.0,1638.4000000000003,430899.2,1523712.0,563293.9767412394,818.0,818.0,0.0,215449.6,409.6,526.0,0,0,0,0,0,supplied_telemetry,supplied_telemetry.jsonl
36,10.0,5,5,0,0,0.0,0.0,0,0,0,1.64,2.1,0.265329983228432,65.1,65.1,0.0,6553.6,16384.0,8026.487989151919,343244.8,946176.0,328471.61978983815,818.0,818.0,0.0,171622.4,3276.8,52.37499999999999,0,0,0,0,0,supplied_telemetry,supplied_telemetry.jsonl
37,10.0,5,5,0,0,0.0,0.0,0,0,0,4.5,12.2,3.9944962135418276,66.04,69.6,1.7828067758453225,5181440.0,25866240.0,10342412.166329477,1310720.0,3538944.0,1297228.4845025567,817.0,817.0,0.0,655360.0,2590720.0,0.25296442687747034,0,0,0,0,0,supplied_telemetry,supplied_telemetry.jsonl
38,10.0,5,5,0,0,0.0,0.0,0,0,0,6.4,13.6,4.300232551851121,66.78,69.2,1.7092688495377197,160563.2,397312.0,141969.98349566714,3262873.6,15142912.0,5945625.6056766175,816.2,817.0,0.4000000000000001,1631436.8,80281.6,20.32142857142857,0,0,0,0,0,supplied_telemetry,supplied_telemetry.jsonl
39,10.0,5,5,0,0,0.0,0.0,0,0,0,2.1,2.6,0.30331501776206204,65.0,65.0,0.0,583270.4,2568192.0,995749.646985948,852787.2,3891200.0,1523234.9395118798,816.0,816.0,0.0,426393.6,291635.2,1.4620786516853932,0,0,0,0,0,supplied_telemetry,supplied_telemetry.jsonl
40,10.0,5,5,0,0,0.0,0.0,0,0,0,4.319999999999999,5.4,0.923904756996088,65.38,66.0,0.3310589071449391,96665.6,393216.0,148941.28401433903,1401651.2,3698688.0,1508430.400352154,816.4,818.0,0.8,700825.6,48332.8,14.499999999999998,0,0,0,0,0,supplied_telemetry,supplied_telemetry.jsonl
41,10.0,5,5,0,0,0.0,0.0,0,0,0,2.6,3.9,0.681175454637056,65.16,65.3,0.08000000000000185,680755.2,2523136.0,967691.247680664,578355.2,1245184.0,527919.5825693152,816.0,816.0,0.0,289177.6,340377.6,0.8495788206979542,0,0,0,0,0,supplied_telemetry,supplied_telemetry.jsonl
42,10.0,5,5,0,0,0.0,0.0,0,0,0,2.1799999999999997,2.5,0.21354156504062624,65.11999999999999,65.2,0.040000000000003415,47513.6,204800.0,79660.6187513002,841318.4,1495040.0,401011.57894584537,816.0,816.0,0.0,420659.2,23756.8,17.70689655172414,0,0,0,0,0,supplied_telemetry,supplied_telemetry.jsonl
43,10.0,5,5,0,0,0.0,0.0,0,0,0,2.7,3.1,0.37416573867739417,65.34,66.1,0.38781438859330625,1513881.6,7569408.0,3027763.2,1819443.2,5001216.0,1652233.998804576,816.0,816.0,0.0,909721.6,756940.8,1.2018398268398267,0,0,0,0,0,supplied_telemetry,supplied_telemetry.jsonl
44,10.0,6,5,1,0,0.1,0.0,0,1,0,2.24,2.9,0.3720215047547654,65.14000000000001,65.2,0.04898979485566774,32768.0,163840.0,65536.0,237568.0,634880.0,230135.42853893663,816.2,817.0,0.4,118784.0,16384.0,7.25,0,0,0,0,0,supplied_telemetry,supplied_telemetry.jsonl
45,10.0,5,5,0,0,0.0,0.0,0,0,0,2.22,3.2,0.5075431016179809,65.2,65.6,0.2,16384.0,81920.0,32768.0,98304.0,249856.0,109478.96195342738,817.0,817.0,0.0,49152.0,8192.0,6.0,0,0,0,0,0,supplied_telemetry,supplied_telemetry.jsonl
46,10.0,5,5,0,0,0.0,0.0,0,0,0,3.06,4.3,0.749933330370107,65.56,66.2,0.3498571136907188,3276.8,16384.0,6553.600000000001,1773568.0,5898240.0,2249015.095420749,817.0,817.0,0.0,886784.0,1638.4,541.25,0,0,0,0,0,supplied_telemetry,supplied_telemetry.jsonl
47,10.0,5,5,0,0,0.0,0.0,0,0,0,3.5,4.5,0.9879271228182775,65.28,65.4,0.07483314773547912,24576.0,122880.0,49152.0,127795.2,294912.0,130492.15743239131,817.0,817.0,0.0,63897.6,12288.0,5.2,0,0,0,0,0,supplied_telemetry,supplied_telemetry.jsonl
48,10.0,6,5,1,0,0.1,0.0,0,1,0,3.14,4.9,1.0781465577554845,65.47999999999999,65.5,0.039999999999997725,6627328.0,27684864.0,10730183.870410273,436633.6,1757184.0,672440.9574657391,817.8,818.0,0.4000000000000001,218316.8,3313664.0,0.06588380716934486,0,0,0,0,0,supplied_telemetry,supplied_telemetry.jsonl
49,10.0,6,4,2,0,0.2,0.0,0,2,0,2.75,3.4,0.4092676385936225,65.7,66.4,0.4062019202317994,11264.0,24576.0,11356.709382563244,1972224.0,5709824.0,2224898.2239086805,816.0,816.0,0.0,788889.6,4505.6,175.09090909090907,0,0,0,0,0,supplied_telemetry,supplied_telemetry.jsonl
50,10.0,5,5,0,0,0.0,0.0,0,0,0,2.9799999999999995,3.8,0.7520638270785266,65.64,66.0,0.1854723699099146,597196.8,2826240.0,1116237.4831087515,707788.8,1708032.0,714905.847511237,817.0,817.0,0.0,353894.4,298598.4,1.1851851851851851,0,0,0,0,0,supplied_telemetry,supplied_telemetry.jsonl
51,10.0,5,5,0,0,0.0,0.0,0,0,0,5.119999999999999,11.8,4.144104245793052,65.66,66.3,0.36110940170535427,7566131.2,35176448.0,13823787.346180674,3488972.8,15421440.0,5988903.561794609,817.0,817.0,0.0,1744486.4,3783065.6,0.46113035946297093,0,0,0,0,0,supplied_telemetry,supplied_telemetry.jsonl
52,10.0,5,5,0,0,0.0,0.0,0,0,0,2.46,3.8,0.8912911982062877,65.34,66.2,0.44090815370097447,2936012.8,7802880.0,3553560.2403380414,906035.2,3678208.0,1398819.442244981,817.0,817.0,0.0,453017.6,1468006.4,0.30859375,0,0,0,0,0,supplied_telemetry,supplied_telemetry.jsonl
53,10.0,5,5,0,0,0.0,0.0,0,0,0,1.38,1.6,0.16000000000000003,65.5,65.7,0.17888543819998573,6553.6,16384.0,8026.487989151919,207257.6,479232.0,175136.45360072816,817.0,817.0,0.0,103628.8,3276.8,31.625,0,0,0,0,0,supplied_telemetry,supplied_telemetry.jsonl
54,10.0,5,5,0,0,0.0,0.0,0,0,0,2.36,4.5,1.123565752415051,65.32000000000001,65.4,0.040000000000003415,63897.6,278528.0,107985.35182440255,895385.6,1646592.0,623828.1958852453,816.8,817.0,0.4,447692.8,31948.8,14.012820512820513,0,0,0,0,0,supplied_telemetry,supplied_telemetry.jsonl
55,10.0,5,5,0,0,0.0,0.0,0,0,0,2.68,3.9,0.7807688518377254,65.56,66.2,0.332264954516725,5734.4,16384.0,6130.331462490425,870809.6,2146304.0,857669.9287072154,816.0,816.0,0.0,435404.8,2867.2,151.85714285714286,0,0,0,0,0,supplied_telemetry,supplied_telemetry.jsonl
56,10.0,6,5,1,0,0.1,0.0,0,1,0,1.7399999999999998,2.2,0.29393876913398137,65.4,65.6,0.1673320053068158,819.2,4096.0,1638.4000000000003,203980.8,376832.0,135115.85903423774,816.0,816.0,0.0,101990.4,409.6,248.99999999999997,0,0,0,0,0,supplied_telemetry,supplied_telemetry.jsonl
57,10.0,7,5,2,0,0.2,0.0,0,2,0,2.4,4.2,0.9654014708917736,65.11999999999999,65.2,0.040000000000003415,304742.4,1224704.0,464816.4189155112,176947.2,532480.0,199276.18819959398,817.4,819.0,0.8,88473.6,152371.2,0.5806451612903226,0,0,0,0,0,supplied_telemetry,supplied_telemetry.jsonl
58,10.0,5,5,0,0,0.0,0.0,0,0,0,7.880000000000001,14.3,4.027604747241218,67.9,69.8,1.8363006289820851,6055526.4,26730496.0,10376316.07778178,5674598.4,17739776.0,6390864.039184736,819.0,819.0,0.0,2837299.2,3027763.2,0.9370941558441559,0,0,0,0,0,supplied_telemetry,supplied_telemetry.jsonl
59,10.0,5,5,0,0,0.0,0.0,0,0,0,6.94,10.4,2.5780612870915234,66.53999999999999,67.4,0.8452218643646222,2536243.2,10047488.0,3787724.614174288,2846720.0,6356992.0,2354545.261340117,819.0,819.0,0.0,1423360.0,1268121.6,1.1224160206718345,0,0,0,0,0,supplied_telemetry,supplied_telemetry.jsonl
60,10.0,5,5,0,0,0.0,0.0,0,0,0,5.119999999999999,12.2,3.7080453071665667,66.18,67.1,0.48744230427815427,620953.6,2777088.0,1080454.9266262983,925696.0,3112960.0,1148222.1175615806,819.0,819.0,0.0,462848.0,310476.8,1.4907651715039578,0,0,0,0,0,supplied_telemetry,supplied_telemetry.jsonl
61,10.0,6,5,1,0,0.1,0.0,0,1,0,6.5,11.4,3.564267105591275,66.16,67.2,0.6151422599691905,978944.0,4542464.0,1783170.9135573066,1148518.4,4374528.0,1647212.6002618605,818.4,819.0,0.48989794855663565,574259.2,489472.0,1.1732217573221757,0,0,0,0,0,supplied_telemetry,supplied_telemetry.jsonl
62,10.0,13,5,8,0,0.8,0.0,0,1,1,4.62,8.8,2.6133503400807174,66.25999999999999,66.5,0.23323807579381092,189235.2,397312.0,157008.82173228357,615219.2,1150976.0,445793.85742488643,825.8,828.0,3.4292856398964497,307609.6,94617.6,3.251082251082251,0,0,0,0,0,supplied_telemetry,supplied_telemetry.jsonl
63,10.0,5,5,0,0,0.0,0.0,0,0,0,5.16,12.7,3.885151219708185,66.26,67.2,0.6916646586316251,1024819.2,3354624.0,1344095.7688698226,992870.4,3149824.0,1143878.9719073605,827.0,827.0,0.0,496435.2,512409.6,0.9688249400479617,0,0,0,0,0,supplied_telemetry,supplied_telemetry.jsonl
64,10.0,5,5,0,0,0.0,0.0,0,0,0,8.459999999999999,10.6,2.148115453135608,67.66,68.7,0.6651315659326386,34984755.2,174440448.0,69727871.15876295,2328985.6,4636672.0,1755086.2450824007,827.0,827.0,0.0,1164492.8,17492377.6,0.06657144195195054,0,0,0,0,0,supplied_telemetry,supplied_telemetry.jsonl
65,10.0,6,5,1,0,0.1,0.0,0,1,0,2.4799999999999995,3.3,0.46216880033165364,66.83999999999999,67.1,0.18547236990991364,6553.6,16384.0,8026.487989151919,708608.0,2875392.0,1091167.0197948616,828.0,828.0,0.0,354304.0,3276.8,108.125,0,0,0,0,0,supplied_telemetry,supplied_telemetry.jsonl
66,10.0,5,5,0,0,0.0,0.0,0,0,0,6.6,12.0,4.14921679356478,67.08,67.9,0.670522184569612,570982.4,1486848.0,558671.5772464534,1012531.2,3239936.0,1144500.0952867414,823.2,828.0,3.919183588453085,506265.6,285491.2,1.7733142037302725,0,0,0,0,0,supplied_telemetry,supplied_telemetry.jsonl
67,10.0,5,5,0,0,0.0,0.0,0,0,0,3.9799999999999995,6.7,1.566397139936102,66.53999999999999,67.3,0.42237424163885706,45875.2,180224.0,68264.48209837968,1963622.4,8540160.0,3295040.533803589,820.0,820.0,0.0,981811.2,22937.6,42.80357142857143,0,0,0,0,0,supplied_telemetry,supplied_telemetry.jsonl
68,10.0,5,5,0,0,0.0,0.0,0,0,0,2.2800000000000002,3.3,0.5114684741017768,66.05999999999999,66.1,0.04898979485566078,9830.4,32768.0,13107.199999999999,299827.2,638976.0,204067.96531195188,820.0,820.0,0.0,149913.6,4915.2,30.500000000000004,0,0,0,0,0,supplied_telemetry,supplied_telemetry.jsonl
69,10.0,7,5,2,0,0.2,0.0,0,2,0,8.74,14.3,5.083935483461606,66.9,67.7,0.6164414002969013,4183654.4,15667200.0,5857788.454798332,4286054.4,14802944.0,5480259.176657455,821.0,821.0,0.0,2143027.2,2091827.2,1.0244762091247308,0,0,0,0,0,supplied_telemetry,supplied_telemetry.jsonl
70,10.0,5,5,0,0,0.0,0.0,0,0,0,4.140000000000001,7.7,1.923122460999299,66.5,67.2,0.38987177379235977,574259.2,2445312.0,939220.5703996054,1549107.2,6377472.0,2422398.640663291,821.0,821.0,0.0,774553.6,287129.6,2.697574893009986,0,0,0,0,0,supplied_telemetry,supplied_telemetry.jsonl
71,10.0,5,5,0,0,0.0,0.0,0,0,0,7.520000000000001,11.0,2.861048758759627,67.1,67.9,0.5549774770204655,469401.6,2048000.0,792855.2620158612,1541734.4,3198976.0,1194557.0916910751,821.0,821.0,0.0,770867.2,234700.8,3.2844677137870857,0,0,0,0,0,supplied_telemetry,supplied_telemetry.jsonl
72,10.0,5,5,0,0,0.0,0.0,0,0,0,2.5799999999999996,3.6,0.5491812087098392,66.00000000000001,66.2,0.1414213562373095,161382.4,757760.0,298436.2577607486,1942323.2,8757248.0,3412349.452482638,821.0,821.0,0.0,971161.6,80691.2,12.035532994923859,0,0,0,0,0,supplied_telemetry,supplied_telemetry.jsonl
73,10.0,5,5,0,0,0.0,0.0,0,0,0,2.5800000000000005,3.7,0.7249827584156744,65.9,66.3,0.2,479232.0,1851392.0,714791.3158241361,973209.6,4415488.0,1726881.7608915323,820.2,821.0,0.4000000000000001,486604.8,239616.0,2.0307692307692307,0,0,0,0,0,supplied_telemetry,supplied_telemetry.jsonl
74,10.0,5,5,0,0,0.0,0.0,0,0,0,1.94,2.1,0.12000000000000001,66.04,66.2,0.10198039027185435,819.2,4096.0,1638.4000000000003,354713.6,1003520.0,339850.52813823905,819.4,820.0,0.48989794855663565,177356.8,409.6,432.99999999999994,0,0,0,0,0,supplied_telemetry,supplied_telemetry.jsonl
75,10.0,6,5,1,0,0.1,0.0,0,1,0,7.140000000000001,10.1,2.332895196960206,66.91999999999999,67.3,0.5153639490690018,168755.2,806912.0,319187.48533261765,363724.8,618496.0,197245.26056501333,820.0,821.0,0.6324555320336759,181862.4,84377.6,2.1553398058252426,0,0,0,0,0,supplied_telemetry,supplied_telemetry.jsonl
76,10.0,5,5,0,0,0.0,0.0,0,0,0,7.460000000000001,14.4,3.8390623855311343,66.68,66.9,0.2400000000000027,6553.6,32768.0,13107.2,717619.2,2646016.0,1009782.8850089312,820.0,820.0,0.0,358809.6,3276.8,109.49999999999999,0,0,0,0,0,supplied_telemetry,supplied_telemetry.jsonl
77,10.0,5,5,0,0,0.0,0.0,0,0,0,7.5,9.4,1.5152557539900648,66.94,67.3,0.22449944320643436,97484.8,372736.0,140854.76404069547,732364.8,2867200.0,1086042.3312925515,820.0,820.0,0.0,366182.4,48742.4,7.512605042016807,0,0,0,0,0,supplied_telemetry,supplied_telemetry.jsonl
78,10.0,6,5,1,0,0.1,0.0,0,1,0,6.3,8.0,1.4000000000000001,67.03999999999999,67.4,0.366606055596467,819.2,4096.0,1638.4000000000003,894566.4,3100672.0,1114863.4830280521,820.6,821.0,0.48989794855663565,447283.2,409.6,1092.0,0,0,0,0,0,supplied_telemetry,supplied_telemetry.jsonl
79,10.0,5,5,0,0,0.0,0.0,0,0,0,3.7400000000000007,4.9,0.9243376006633075,66.48,66.9,0.2993325909419183,39321.6,131072.0,49261.10557265234,860160.0,3747840.0,1450069.6200709813,821.0,821.0,0.0,430080.0,19660.8,21.875,0,0,0,0,0,supplied_telemetry,supplied_telemetry.jsonl
80,10.0,5,5,0,0,0.0,0.0,0,0,0,1.9799999999999998,2.3,0.18330302779823354,66.23999999999998,66.4,0.10198039027185826,33587.2,106496.0,43533.37018150559,559513.6,1888256.0,701239.9850304031,821.2,822.0,0.4,279756.8,16793.6,16.658536585365855,0,0,0,0,0,supplied_telemetry,supplied_telemetry.jsonl
81,10.0,6,5,1,0,0.1,0.0,0,1,0,1.86,2.0,0.12000000000000001,66.1,66.1,0.0,3276.8,16384.0,6553.600000000001,118784.0,258048.0,110789.03928457905,822.0,822.0,0.0,59392.0,1638.4,36.25,0,0,0,0,0,supplied_telemetry,supplied_telemetry.jsonl
82,10.0,5,5,0,0,0.0,0.0,0,0,0,2.26,2.6,0.33823069050575527,66.17999999999999,66.5,0.16000000000000228,3276.8,16384.0,6553.600000000001,417792.0,1769472.0,681557.6613329205,822.0,822.0,0.0,208896.0,1638.4,127.5,0,0,0,0,0,supplied_telemetry,supplied_telemetry.jsonl
83,10.0,5,5,0,0,0.0,0.0,0,0,0,1.8199999999999998,2.3,0.24819347291981705,66.25999999999999,66.4,0.10198039027185826,9011.2,45056.0,18022.4,135987.2,307200.0,133441.6200956808,822.0,822.0,0.0,67993.6,4505.6,15.090909090909092,0,0,0,0,0,supplied_telemetry,supplied_telemetry.jsonl
84,10.0,5,5,0,0,0.0,0.0,0,0,0,1.8800000000000001,2.1,0.16000000000000006,66.1,66.1,0.0,40140.8,155648.0,58982.4,394035.2,929792.0,309928.3810782098,822.0,822.0,0.0,197017.6,20070.4,9.816326530612244,0,0,0,0,0,supplied_telemetry,supplied_telemetry.jsonl
85,10.0,5,5,0,0,0.0,0.0,0,0,0,2.4,3.0,0.4939635614091387,66.34,66.9,0.34985711369072053,58982.4,294912.0,117964.8,364544.0,1323008.0,500154.9774283967,820.2,821.0,0.4,182272.0,29491.2,6.180555555555555,0,0,0,0,0,supplied_telemetry,supplied_telemetry.jsonl
86,10.0,6,5,1,0,0.1,0.0,0,1,0,1.7599999999999998,2.0,0.16248076809271916,66.4,66.5,0.10954451150103219,0.0,0.0,0.0,112230.4,262144.0,102107.94832450607,821.0,821.0,0.0,56115.2,0.0,56115.2,0,0,0,0,0,supplied_telemetry,supplied_telemetry.jsonl
87,10.0,5,5,0,0,0.0,0.0,0,0,0,2.1399999999999997,3.0,0.5314132102234569,66.16000000000001,66.2,0.04898979485566774,504627.2,1822720.0,706449.6962016192,301465.6,847872.0,302123.8031970338,821.0,821.0,0.0,150732.8,252313.6,0.5974025974025974,0,0,0,0,0,supplied_telemetry,supplied_telemetry.jsonl
88,10.0,5,5,0,0,0.0,0.0,0,0,0,3.56,5.0,1.0071742649611337,66.5,67.0,0.296647939483825,9830.4,49152.0,19660.800000000003,463667.2,1998848.0,772142.8255296815,821.2,822.0,0.4000000000000001,231833.6,4915.2,47.16666666666667,0,0,0,0,0,supplied_telemetry,supplied_telemetry.jsonl
89,10.0,5,5,0,0,0.0,0.0,0,0,0,3.5,4.8,0.920869154657707,66.3,66.5,0.14142135623731153,26214.4,81920.0,33736.7208459862,139264.0,323584.0,139336.26360427498,821.0,821.0,0.0,69632.0,13107.2,5.3125,0,0,0,0,0,supplied_telemetry,supplied_telemetry.jsonl
90,10.0,8,5,3,0,0.3,0.0,0,3,0,3.0,3.5,0.322490309931942,66.23999999999998,66.5,0.13564659966250603,408780.8,1540096.0,597681.4932943465,183500.8,512000.0,191829.28474495234,820.0,820.0,0.0,91750.4,204390.4,0.44889779559118237,0,0,0,0,0,supplied_telemetry,supplied_telemetry.jsonl
91,10.0,5,5,0,0,0.0,0.0,0,0,0,4.18,4.8,0.4308131845707603,66.35999999999999,67.0,0.3555277766926261,869990.4,3289088.0,1230321.6775529236,403046.4,1011712.0,365427.4813407443,820.2,821.0,0.4,201523.2,434995.2,0.4632768361581921,0,0,0,0,0,supplied_telemetry,supplied_telemetry.jsonl
92,10.0,6,5,1,0,0.1,0.0,0,1,0,3.5,6.1,1.4380542409798038,66.38000000000001,66.4,0.040000000000003415,2765619.2,9650176.0,3518688.009260179,1723596.8,7254016.0,2777536.7113600783,821.2,822.0,0.4,861798.4,1382809.6,0.6232227488151658,0,0,0,0,0,supplied_telemetry,supplied_telemetry.jsonl
93,10.0,6,5,1,0,0.1,0.0,0,1,0,4.14,7.3,1.8810635289643995,66.5,66.8,0.15491933384829337,1062502.4,2334720.0,873305.6231697126,717619.2,2457600.0,910124.9324716689,822.0,822.0,0.0,358809.6,531251.2,0.6754047802621435,0,0,0,0,0,supplied_telemetry,supplied_telemetry.jsonl
94,10.0,4,3,1,0,0.1,0.0,0,1,0,13.5,19.4,5.865719620529664,65.8,66.4,0.4320493798938591,23755434.666666668,56283136.0,23034180.598722488,8484181.333333334,15130624.0,6001482.28476162,823.0,823.0,0.0,2545254.4,7126630.4,0.3571469624691074,0,0,0,0,0,supplied_telemetry,supplied_telemetry.jsonl
110,10.0,9,2,7,0,0.7,0.0,0,5,1,23.4,27.5,4.1,66.55,66.8,0.25,18894848.0,28164096.0,9269248.0,9918464.0,15462400.0,5543936.0,826.0,829.0,3.0,1983692.8,3778969.6,0.5249295469325819,0,0,0,0,0,supplied_telemetry,supplied_telemetry.jsonl
111,10.0,5,5,0,0,0.0,0.0,0,0,0,5.9399999999999995,13.7,4.135988394567857,66.38,66.8,0.2856571371417121,2265907.2,4825088.0,1966174.5470599907,697958.4,2035712.0,741647.9607257341,828.4,829.0,0.48989794855663565,348979.2,1132953.6,0.3080260303687635,0,0,0,0,0,supplied_telemetry,supplied_telemetry.jsonl
112,10.0,4,4,0,0,0.0,0.0,0,0,0,2.725,5.9,1.892584212129014,65.8,65.8,0.0,2363392.0,9408512.0,4067543.518962766,2249728.0,8294400.0,3497842.957343854,828.0,828.0,0.0,899891.2,945356.8,0.9519064124783361,0,0,0,0,0,supplied_telemetry,supplied_telemetry.jsonl
126,10.0,12,3,9,0,0.9,0.0,0,5,1,15.6,28.9,9.40886107170611,66.26666666666667,67.0,0.5249338582674549,6214997.333333333,14598144.0,6118316.5846103635,20426752.0,56619008.0,25606785.571956716,829.3333333333334,835.0,4.0276819911981905,6128025.6,1864499.2,3.2866871704745164,0,0,0,0,0,supplied_telemetry,supplied_telemetry.jsonl
127,10.0,13,4,9,0,0.9,0.0,0,2,1,8.850000000000001,19.8,6.390813719707374,66.69999999999999,67.3,0.3674234614174771,2438144.0,6733824.0,2574459.6183525585,1083392.0,2285568.0,977368.1710061977,831.25,838.0,3.897114317029974,433356.8,975257.6,0.44435111297774044,0,0,0,0,0,supplied_telemetry,supplied_telemetry.jsonl
128,10.0,3,3,0,0,0.0,0.0,0,0,0,5.6000000000000005,9.2,2.5664502073226876,67.06666666666666,67.4,0.24944382578493296,7547562.666666667,17444864.0,7155984.618606411,5784917.333333333,12886016.0,5095683.377464062,829.0,829.0,0.0,1735475.2,2264268.8,0.7664616497829233,0,0,0,0,0,supplied_telemetry,supplied_telemetry.jsonl
218,10.0,11,1,10,0,1.0,0.0,0,3,1,11.5,11.5,0.0,67.2,67.2,0.0,4694016.0,4694016.0,0.0,5603328.0,5603328.0,0.0,831.0,831.0,0.0,560332.8,469401.6,1.1937172774869111,0,0,0,0,0,supplied_telemetry,supplied_telemetry.jsonl
219,10.0,6,5,1,0,0.1,0.0,0,1,0,8.36,19.0,7.179025003438838,66.94000000000001,67.2,0.2576819745345033,5624627.2,21422080.0,8115834.038615586,949452.8,2674688.0,975781.7162014055,828.6,837.0,4.2708313008125245,474726.4,2812313.6,0.16880279638799883,0,0,0,0,0,supplied_telemetry,supplied_telemetry.jsonl
220,10.0,16,5,11,0,1.1,0.0,0,4,1,12.059999999999999,21.2,4.816886961513629,66.9,67.5,0.31622776601683883,6908313.6,17993728.0,6901477.090652685,2932736.0,5599232.0,1817612.6340969354,830.6,837.0,5.238320341483518,1466368.0,3454156.8,0.42452270840744694,0,0,0,0,0,supplied_telemetry,supplied_telemetry.jsonl
221,10.0,2,2,0,0,0.0,0.0,0,0,0,5.25,5.8,0.5499999999999998,66.75,66.8,0.04999999999999716,3878912.0,6897664.0,3018752.0,1980416.0,3076096.0,1095680.0,827.5,828.0,0.5,396083.2,775782.4,0.510559662090813,0,0,0,0,0,supplied_telemetry,supplied_telemetry.jsonl
311,10.0,14,2,12,0,1.2,0.0,0,4,1,20.7,26.4,5.699999999999999,67.05,67.1,0.04999999999999716,22712320.0,30756864.0,8044544.0,3739648.0,7012352.0,3272704.0,837.0,837.0,0.0,747929.6,4542464.0,0.16465284039675382,0,0,0,0,0,supplied_telemetry,supplied_telemetry.jsonl
312,10.0,2,2,0,0,0.0,0.0,0,0,0,11.75,13.4,1.6500000000000004,66.7,66.7,0.0,165888.0,212992.0,47104.0,73728.0,98304.0,24576.0,828.0,828.0,0.0,14745.6,33177.6,0.4444444444444445,0,0,0,0,0,supplied_telemetry,supplied_telemetry.jsonl
412,10.0,10,4,6,0,0.6,0.0,0,2,1,7.5249999999999995,20.3,7.4230637205940795,66.85,67.1,0.165831239517767,969728.0,2674688.0,1014623.8259059364,1729536.0,6647808.0,2839797.557359327,829.75,834.0,3.766629793329841,691814.4,387891.2,1.7835269271383316,0,0,0,0,0,supplied_telemetry,supplied_telemetry.jsonl
413,10.0,10,5,5,0,0.5,0.0,0,4,1,3.12,5.3,1.1956588142108098,66.97999999999999,67.6,0.3249615361854364,503808.0,1867776.0,727134.0288491524,938803.2,3047424.0,1133277.8572855643,829.8,834.0,2.4,469401.6,251904.0,1.8634146341463413,0,0,0,0,0,supplied_telemetry,supplied_telemetry.jsonl
414,10.0,3,1,2,0,0.2,0.0,0,2,0,2.5,2.5,0.0,66.9,66.9,0.0,36864.0,36864.0,0.0,77824.0,77824.0,0.0,828.0,828.0,0.0,7782.4,3686.4,2.111111111111111,0,0,0,0,0,supplied_telemetry,supplied_telemetry.jsonl
516,10.0,9,3,6,0,0.6,0.0,0,2,1,25.3,41.4,12.164703037887936,66.86666666666666,67.1,0.16996731711975635,5873664.0,13856768.0,5824795.237370209,1889621.3333333333,2805760.0,648758.9333927425,828.3333333333334,829.0,0.4714045207910317,566886.4,1762099.2,0.32171083217108326,0,0,0,0,0,supplied_telemetry,supplied_telemetry.jsonl
608,10.0,15,3,12,0,1.2,0.0,0,5,1,23.133333333333336,36.9,9.735273779178248,67.03333333333333,67.1,0.04714045207910049,13228714.666666666,23568384.0,9657111.634052264,2606421.3333333335,6381568.0,2705961.8455715314,832.0,839.0,4.96655480858378,781926.4,3968614.4,0.19702755702342864,0,0,0,0,0,supplied_telemetry,supplied_telemetry.jsonl
698,10.0,14,2,12,0,1.2,0.0,0,5,1,17.85,29.6,11.75,67.0,67.1,0.09999999999999432,5961728.0,8626176.0,2664448.0,3534848.0,6963200.0,3428352.0,834.5,839.0,4.5,706969.6,1192345.6,0.5929233940226726,0,0,0,0,0,supplied_telemetry,supplied_telemetry.jsonl
785,10.0,11,5,6,0,0.6,0.0,0,5,1,10.940000000000001,16.0,4.105898196497327,67.3,68.2,0.4560701700396567,4197580.8,8945664.0,2465378.8273109184,4549017.6,13955072.0,4807145.313585833,829.4,831.0,1.3564659966250538,2274508.8,2098790.4,1.0837236533957846,0,0,0,0,0,supplied_telemetry,supplied_telemetry.jsonl
786,10.0,2,2,0,0,0.0,0.0,0,0,0,8.3,10.5,2.2,66.80000000000001,66.9,0.10000000000000142,176128.0,180224.0,4096.0,352256.0,577536.0,225280.0,828.0,828.0,0.0,70451.2,35225.6,2.0,0,0,0,0,0,supplied_telemetry,supplied_telemetry.jsonl
820,10.0,8,5,3,0,0.3,0.0,0,3,0,9.879999999999999,20.9,6.245446341135276,66.96,67.1,0.10198039027185436,6521651.2,19939328.0,6966872.613402786,11834163.2,52658176.0,20452106.80761853,828.6,830.0,1.2,5917081.6,3260825.6,1.814596156261776,0,0,0,0,0,supplied_telemetry,supplied_telemetry.jsonl
821,10.0,1,1,0,0,0.0,0.0,0,0,0,4.4,4.4,0.0,66.8,66.8,0.0,245760.0,245760.0,0.0,708608.0,708608.0,0.0,830.0,830.0,0.0,70860.8,24576.0,2.8833333333333333,0,0,0,0,0,supplied_telemetry,supplied_telemetry.jsonl
824,10.0,7,4,3,0,0.3,0.0,0,2,0,14.25,21.3,6.504805915628844,67.25,67.5,0.16583123951777234,2436096.0,7577600.0,3021267.706165741,17577984.0,53993472.0,21086850.97388,831.25,835.0,2.165063509461097,7031193.6,974438.4,7.215636822194199,0,0,0,0,0,supplied_telemetry,supplied_telemetry.jsonl
825,10.0,9,5,4,0,0.4,0.0,0,3,0,4.68,6.6,1.852997571504075,67.0,67.6,0.3577708763999667,1691648.0,3506176.0,1192342.7154894688,1378713.6,3182592.0,1110798.9516209671,829.0,829.0,0.0,689356.8,845824.0,0.8150121065375303,0,0,0,0,0,supplied_telemetry,supplied_telemetry.jsonl
828,10.0,2,2,0,0,0.0,0.0,0,0,0,8.149999999999999,8.7,0.5499999999999998,66.55,66.6,0.04999999999999716,649216.0,1224704.0,575488.0,2308096.0,3928064.0,1619968.0,829.0,829.0,0.0,461619.2,129843.2,3.555205047318612,0,0,0,0,0,supplied_telemetry,supplied_telemetry.jsonl
829,10.0,2,2,0,0,0.0,0.0,0,0,0,4.2,4.9,0.7000000000000002,66.65,66.9,0.25,1767424.0,2338816.0,571392.0,684032.0,958464.0,274432.0,828.0,828.0,0.0,136806.4,353484.8,0.3870220162224797,0,0,0,0,0,supplied_telemetry,supplied_telemetry.jsonl
831,10.0,1,1,0,0,0.0,0.0,0,0,0,10.4,10.4,0.0,66.9,66.9,0.0,1794048.0,1794048.0,0.0,6709248.0,6709248.0,0.0,828.0,828.0,0.0,670924.8,179404.8,3.7397260273972606,0,0,0,0,0,supplied_telemetry,supplied_telemetry.jsonl
832,10.0,3,3,0,0,0.0,0.0,0,0,0,3.3000000000000003,6.3,2.127596452964393,66.56666666666666,66.7,0.09428090415820768,9557.333333333334,16384.0,6961.861309225349,167936.0,454656.0,202769.23832442303,827.0,828.0,1.4142135623730951,50380.8,2867.2,17.571428571428573,0,0,0,0,0,supplied_telemetry,supplied_telemetry.jsonl
835,10.0,4,4,0,0,0.0,0.0,0,0,0,4.4750000000000005,7.8,2.8472574523565655,66.575,66.7,0.12990381056766526,72704.0,229376.0,92698.86903301463,1634304.0,3907584.0,1412766.7500504109,823.25,825.0,1.0897247358851685,653721.6,29081.6,22.47887323943662,0,0,0,0,0,supplied_telemetry,supplied_telemetry.jsonl
836,10.0,2,2,0,0,0.0,0.0,0,0,0,2.6,2.6,0.0,66.75,66.8,0.04999999999999716,6144.0,12288.0,6144.0,331776.0,503808.0,172032.0,822.0,822.0,0.0,66355.2,1228.8,54.0,0,0,0,0,0,supplied_telemetry,supplied_telemetry.jsonl
838,10.0,1,1,0,0,0.0,0.0,0,0,0,8.5,8.5,0.0,66.4,66.4,0.0,1155072.0,1155072.0,0.0,1318912.0,1318912.0,0.0,822.0,822.0,0.0,131891.2,115507.2,1.1418439716312059,0,0,0,0,0,supplied_telemetry,supplied_telemetry.jsonl
839,10.0,14,5,9,0,0.9,0.0,0,4,1,5.540000000000001,12.5,3.774970198557864,66.44000000000001,66.5,0.04898979485566078,2329804.8,9265152.0,3549923.968193933,1144422.4,3792896.0,1395678.807881183,824.2,828.0,2.7129319932501077,572211.2,1164902.4,0.4912095639943741,0,0,0,0,0,supplied_telemetry,supplied_telemetry.jsonl
840,10.0,19,2,17,0,1.7,0.0,0,3,1,11.95,19.5,7.55,66.75,66.8,0.04999999999999716,13807616.0,26660864.0,12853248.0,9787392.0,9936896.0,149504.0,828.5,829.0,0.5,1957478.4,2761523.2,0.7088401067932364,0,0,0,0,0,supplied_telemetry,supplied_telemetry.jsonl
841,10.0,3,3,0,0,0.0,0.0,0,0,0,7.433333333333334,14.3,4.953337819648036,67.0,67.2,0.16329931618554752,174762.66666666666,466944.0,206846.87348428118,6994602.666666667,15998976.0,6666288.621908362,835.0,838.0,4.242640687119285,2098380.8,52428.8,40.02343749999999,0,0,0,0,0,supplied_telemetry,supplied_telemetry.jsonl
860,10.0,8,3,5,0,0.5,0.0,0,4,1,11.833333333333334,20.7,6.404338807055383,67.3,67.6,0.294392028877591,2437120.0,6516736.0,2899698.0062638707,5330261.333333333,8208384.0,2251556.7898958763,830.3333333333334,831.0,0.9428090415820634,1599078.4,731136.0,2.187114845938375,0,0,0,0,0,supplied_telemetry,supplied_telemetry.jsonl
861,10.0,6,5,1,0,0.1,0.0,0,1,0,10.059999999999999,18.3,5.015017447626678,67.1,67.4,0.21908902300206826,1362329.6,3325952.0,1220089.9797417566,13397196.8,54403072.0,20676686.77157737,831.8,834.0,1.16619037896906,6698598.4,681164.8,9.834034876728802,0,0,0,0,0,supplied_telemetry,supplied_telemetry.jsonl
862,10.0,4,3,1,0,0.1,0.0,0,1,0,3.233333333333334,3.6,0.2867441755680876,66.73333333333333,66.8,0.04714045207910049,1323008.0,2605056.0,1063903.9687189816,1242453.3333333333,2584576.0,949202.2791338466,832.0,832.0,0.0,372736.0,396902.4,0.9391124871001032,0,0,0,0,0,supplied_telemetry,supplied_telemetry.jsonl
952,10.0,9,1,8,0,0.8,0.0,0,4,1,26.6,26.6,0.0,67.2,67.2,0.0,10104832.0,10104832.0,0.0,3956736.0,3956736.0,0.0,835.0,835.0,0.0,395673.6,1010483.2,0.39156870693149576,0,0,0,0,0,supplied_telemetry,supplied_telemetry.jsonl
953,10.0,5,4,1,0,0.1,0.0,0,1,0,6.675000000000001,12.3,3.4251824768908303,66.55,66.6,0.04999999999999716,7731200.0,21430272.0,8163997.194849102,2409472.0,6897664.0,2674531.768790941,833.0,838.0,2.9154759474226504,963788.8,3092480.0,0.31165562913907285,0,0,0,0,0,supplied_telemetry,supplied_telemetry.jsonl
1043,10.0,1,1,0,0,0.0,0.0,0,0,0,9.8,9.8,0.0,66.9,66.9,0.0,3534848.0,3534848.0,0.0,2838528.0,2838528.0,0.0,830.0,830.0,0.0,283852.8,353484.8,0.8030127462340672,0,0,0,0,0,supplied_telemetry,supplied_telemetry.jsonl
1044,10.0,10,2,8,0,0.8,0.0,0,6,1,15.15,25.1,9.95,67.0,67.1,0.09999999999999432,3117056.0,5349376.0,2232320.0,2957312.0,3399680.0,442368.0,830.0,830.0,0.0,591462.4,623411.2,0.9487516425755586,0,0,0,0,0,supplied_telemetry,supplied_telemetry.jsonl
1047,10.0,5,5,0,0,0.0,0.0,0,0,0,4.8,13.6,4.420407221060069,66.78,67.0,0.18330302779823557,46694.4,114688.0,44914.27893042479,2293760.0,10420224.0,4071266.5852868934,829.0,829.0,0.0,1146880.0,23347.2,49.122807017543856,0,0,0,0,0,supplied_telemetry,supplied_telemetry.jsonl
1048,10.0,2,2,0,0,0.0,0.0,0,0,0,2.6,3.4,0.7999999999999999,66.6,66.6,0.0,16384.0,32768.0,16384.0,827392.0,1183744.0,356352.0,829.0,829.0,0.0,165478.4,3276.8,50.49999999999999,0,0,0,0,0,supplied_telemetry,supplied_telemetry.jsonl
1050,10.0,1,1,0,0,0.0,0.0,0,0,0,9.9,9.9,0.0,66.6,66.6,0.0,106496.0,106496.0,0.0,4046848.0,4046848.0,0.0,829.0,829.0,0.0,404684.8,10649.6,38.0,0,0,0,0,0,supplied_telemetry,supplied_telemetry.jsonl
1051,10.0,4,4,0,0,0.0,0.0,0,0,0,2.5,3.4,0.7176350047203662,66.725,66.9,0.10897247358852043,0.0,0.0,0.0,424960.0,1527808.0,637605.0934802827,827.25,828.0,0.4330127018922193,169984.0,0.0,169984.0,0,0,0,0,0,supplied_telemetry,supplied_telemetry.jsonl
1054,10.0,3,3,0,0,0.0,0.0,0,0,0,5.266666666666667,11.2,4.202644669993196,67.10000000000001,67.4,0.21602468994692955,12288.0,24576.0,10033.109986439897,812373.3333333334,1695744.0,684218.6518461932,826.0,826.0,0.0,243712.0,3686.4,66.11111111111111,0,0,0,0,0,supplied_telemetry,supplied_telemetry.jsonl
1055,10.0,1,1,0,0,0.0,0.0,0,0,0,7.8,7.8,0.0,66.7,66.7,0.0,1859584.0,1859584.0,0.0,3145728.0,3145728.0,0.0,829.0,829.0,0.0,314572.8,185958.4,1.6916299559471366,0,0,0,0,0,supplied_telemetry,supplied_telemetry.jsonl
1057,10.0,5,2,3,0,0.3,0.0,0,1,0,6.8999999999999995,11.7,4.799999999999999,66.95,67.0,0.04999999999999716,8192.0,16384.0,8192.0,2830336.0,5632000.0,2801664.0,829.0,829.0,0.0,566067.2,1638.4,345.49999999999994,0,0,0,0,0,supplied_telemetry,supplied_telemetry.jsonl
1058,10.0,1,1,0,0,0.0,0.0,0,0,0,1.6,1.6,0.0,66.7,66.7,0.0,0.0,0.0,0.0,49152.0,49152.0,0.0,829.0,829.0,0.0,4915.2,0.0,4915.2,0,0,0,0,0,supplied_telemetry,supplied_telemetry.jsonl
1060,10.0,1,1,0,0,0.0,0.0,0,0,0,4.9,4.9,0.0,66.7,66.7,0.0,0.0,0.0,0.0,2101248.0,2101248.0,0.0,825.0,825.0,0.0,210124.8,0.0,210124.8,0,0,0,0,0,supplied_telemetry,supplied_telemetry.jsonl
1061,10.0,3,3,0,0,0.0,0.0,0,0,0,4.033333333333333,7.7,2.6132142830026184,66.56666666666666,66.6,0.04714045207910049,0.0,0.0,0.0,2691072.0,5107712.0,2082688.7932311601,825.0,825.0,0.0,807321.6,0.0,807321.6,0,0,0,0,0,supplied_telemetry,supplied_telemetry.jsonl
1064,10.0,4,4,0,0,0.0,0.0,0,0,0,4.574999999999999,10.6,3.549911970739556,66.725,66.9,0.12990381056767003,0.0,0.0,0.0,1028096.0,1798144.0,539266.0507912583,825.0,825.0,0.0,411238.4,0.0,411238.4,0,0,0,0,0,supplied_telemetry,supplied_telemetry.jsonl
1158,10.0,3,2,1,0,0.1,0.0,0,1,0,16.75,24.2,7.449999999999999,67.4,67.8,0.3999999999999986,3082240.0,3330048.0,247808.0,2594816.0,3469312.0,874496.0,826.0,826.0,0.0,518963.2,616448.0,0.8418604651162791,0,0,0,0,0,supplied_telemetry,supplied_telemetry.jsonl
1161,10.0,4,4,0,0,0.0,0.0,0,0,0,5.2250000000000005,9.6,3.301798752195536,66.875,67.0,0.08291561975888671,114688.0,376832.0,154999.91390965352,3613696.0,9932800.0,3911584.9705734374,826.0,826.0,0.0,1445478.4,45875.2,31.508928571428573,0,0,0,0,0,supplied_telemetry,supplied_telemetry.jsonl
1164,10.0,3,3,0,0,0.0,0.0,0,0,0,4.3,9.2,3.470830832332032,66.73333333333333,66.8,0.04714045207910049,9557.333333333334,28672.0,13516.11042012046,1301162.6666666667,2732032.0,1097311.8680573704,826.0,826.0,0.0,390348.8,2867.2,136.14285714285714,0,0,0,0,0,supplied_telemetry,supplied_telemetry.jsonl
1165,10.0,1,1,0,0,0.0,0.0,0,0,0,2.5,2.5,0.0,66.7,66.7,0.0,462848.0,462848.0,0.0,987136.0,987136.0,0.0,826.0,826.0,0.0,98713.6,46284.8,2.1327433628318584,0,0,0,0,0,supplied_telemetry,supplied_telemetry.jsonl
1167,10.0,1,1,0,0,0.0,0.0,0,0,0,10.1,10.1,0.0,67.0,67.0,0.0,49152.0,49152.0,0.0,4268032.0,4268032.0,0.0,824.0,824.0,0.0,426803.2,4915.2,86.83333333333334,0,0,0,0,0,supplied_telemetry,supplied_telemetry.jsonl
1168,10.0,2,2,0,0,0.0,0.0,0,0,0,1.85,2.1,0.25,66.85,66.9,0.05000000000000426,2048.0,4096.0,2048.0,704512.0,1372160.0,667648.0,824.0,824.0,0.0,140902.4,409.6,343.99999999999994,0,0,0,0,0,supplied_telemetry,supplied_telemetry.jsonl
1170,10.0,1,1,0,0,0.0,0.0,0,0,0,5.2,5.2,0.0,66.7,66.7,0.0,0.0,0.0,0.0,835584.0,835584.0,0.0,824.0,824.0,0.0,83558.4,0.0,83558.4,0,0,0,0,0,supplied_telemetry,supplied_telemetry.jsonl
1171,10.0,3,3,0,0,0.0,0.0,0,0,0,5.066666666666666,6.7,1.239175353029407,67.2,67.9,0.5099019513592802,2274645.3333333335,6332416.0,2876285.2275166004,5135018.666666667,14917632.0,6919580.185904023,824.0,824.0,0.0,1540505.6,682393.6,2.2575030012004804,0,0,0,0,0,supplied_telemetry,supplied_telemetry.jsonl
1174,10.0,4,4,0,0,0.0,0.0,0,0,0,4.7,11.5,3.9774363602702683,66.725,66.9,0.10897247358852043,67584.0,163840.0,64014.334394727564,801792.0,2015232.0,739656.2595368202,824.0,824.0,0.0,320716.8,27033.6,11.863636363636363,0,0,0,0,0,supplied_telemetry,supplied_telemetry.jsonl
1177,10.0,5,3,2,0,0.2,0.0,0,2,0,5.1000000000000005,11.8,4.739198244429115,66.83333333333333,66.9,0.047140452079107185,30037.333333333332,69632.0,29219.409317932645,1724416.0,2580480.0,1161767.9017681056,824.6666666666666,825.0,0.4714045207910317,517324.8,9011.2,57.40909090909091,0,0,0,0,0,supplied_telemetry,supplied_telemetry.jsonl
1178,10.0,1,1,0,0,0.0,0.0,0,0,0,5.8,5.8,0.0,66.8,66.8,0.0,909312.0,909312.0,0.0,2715648.0,2715648.0,0.0,824.0,824.0,0.0,271564.8,90931.2,2.9864864864864864,0,0,0,0,0,supplied_telemetry,supplied_telemetry.jsonl
1186,10.0,3,3,0,0,0.0,0.0,0,0,0,5.466666666666666,11.1,4.058187882403781,66.86666666666667,67.0,0.12472191289246395,390485.3333333333,1159168.0,543563.8755849113,1523712.0,2531328.0,1080785.310218454,824.0,824.0,0.0,457113.6,117145.6,3.9020979020979016,0,0,0,0,0,supplied_telemetry,supplied_telemetry.jsonl
1290,10.0,7,3,4,0,0.4,0.0,0,2,0,18.966666666666665,27.7,6.3672774576126505,67.3,67.7,0.28284271247462306,4203861.333333333,5242880.0,1307782.66425716,2366122.6666666665,3530752.0,1087770.5864275284,827.6666666666666,829.0,1.247219128924647,709836.8,1261158.4,0.5628450795712895,0,0,0,0,0,supplied_telemetry,supplied_telemetry.jsonl
1293,10.0,5,4,1,0,0.1,0.0,0,1,0,6.500000000000001,18.3,6.871317195414574,66.9,67.1,0.12247448713915775,1243136.0,3117056.0,1287178.9975663836,4709376.0,15474688.0,6287252.845992438,827.25,828.0,0.4330127018922193,1883750.4,497254.4,3.78830313014827,0,0,0,0,0,supplied_telemetry,supplied_telemetry.jsonl
1294,10.0,1,1,0,0,0.0,0.0,0,0,0,11.3,11.3,0.0,66.8,66.8,0.0,19066880.0,19066880.0,0.0,3416064.0,3416064.0,0.0,827.0,827.0,0.0,341606.4,1906688.0,0.1791621911922664,0,0,0,0,0,supplied_telemetry,supplied_telemetry.jsonl
1296,10.0,2,2,0,0,0.0,0.0,0,0,0,8.9,14.4,5.5,66.8,66.8,0.0,2983936.0,5947392.0,2963456.0,3270656.0,5361664.0,2091008.0,827.0,827.0,0.0,654131.2,596787.2,1.0960878517501715,0,0,0,0,0,supplied_telemetry,supplied_telemetry.jsonl
1297,10.0,1,1,0,0,0.0,0.0,0,0,0,4.1,4.1,0.0,66.8,66.8,0.0,16384.0,16384.0,0.0,491520.0,491520.0,0.0,827.0,827.0,0.0,49152.0,1638.4,30.0,0,0,0,0,0,supplied_telemetry,supplied_telemetry.jsonl
1299,10.0,1,1,0,0,0.0,0.0,0,0,0,8.0,8.0,0.0,67.1,67.1,0.0,12288.0,12288.0,0.0,7716864.0,7716864.0,0.0,827.0,827.0,0.0,771686.4,1228.8,628.0,0,0,0,0,0,supplied_telemetry,supplied_telemetry.jsonl
1300,10.0,3,3,0,0,0.0,0.0,0,0,0,3.5666666666666664,6.2,2.017148702720969,66.86666666666667,66.9,0.047140452079107185,0.0,0.0,0.0,681301.3333333334,1642496.0,695414.5433228218,827.0,827.0,0.0,204390.4,0.0,204390.4,0,0,0,0,0,supplied_telemetry,supplied_telemetry.jsonl
1303,10.0,4,4,0,0,0.0,0.0,0,0,0,4.95,9.6,2.69675731203236,67.125,67.8,0.40850336595920483,291840.0,770048.0,280200.1570306484,401408.0,905216.0,367009.3713462914,826.75,827.0,0.4330127018922193,160563.2,116736.0,1.3754385964912281,0,0,0,0,0,supplied_telemetry,supplied_telemetry.jsonl
1306,10.0,3,3,0,0,0.0,0.0,0,0,0,4.166666666666667,9.1,3.496982826507572,66.76666666666667,66.8,0.04714045207910049,126976.0,184320.0,75378.2715287812,1262933.3333333333,3694592.0,1719482.1748184024,825.3333333333334,826.0,0.9428090415820634,378880.0,38092.8,9.946236559139784,0,0,0,0,0,supplied_telemetry,supplied_telemetry.jsonl
1309,10.0,3,3,0,0,0.0,0.0,0,0,0,5.066666666666666,8.7,3.022508156408441,66.83333333333333,66.9,0.09428090415820767,218453.33333333334,655360.0,308939.6667456105,907946.6666666666,2248704.0,961553.3876075502,822.0,822.0,0.0,272384.0,65536.0,4.15625,0,0,0,0,0,supplied_telemetry,supplied_telemetry.jsonl
1310,10.0,1,1,0,0,0.0,0.0,0,0,0,2.5,2.5,0.0,66.7,66.7,0.0,0.0,0.0,0.0,491520.0,491520.0,0.0,822.0,822.0,0.0,49152.0,0.0,49152.0,0,0,0,0,0,supplied_telemetry,supplied_telemetry.jsonl
1353,10.0,8,5,3,0,0.3,0.0,0,3,0,10.360000000000001,19.6,6.246150814701804,67.1,67.5,0.2756809750418032,4775936.0,10321920.0,4416535.053591582,14691532.8,54374400.0,20438893.626986902,823.6,825.0,1.2,7345766.4,2387968.0,3.0761578044596916,0,0,0,0,0,supplied_telemetry,supplied_telemetry.jsonl
1354,10.0,2,2,0,0,0.0,0.0,0,0,0,3.05,3.6,0.55,67.3,67.5,0.20000000000000284,90112.0,147456.0,57344.0,905216.0,1748992.0,843776.0,823.0,823.0,0.0,181043.2,18022.4,10.045454545454545,0,0,0,0,0,supplied_telemetry,supplied_telemetry.jsonl
1367,10.0,8,4,4,0,0.4,0.0,0,3,0,8.05,15.2,4.625202698260909,66.875,67.1,0.17853571071356805,795648.0,2584576.0,1037220.0077669154,1227776.0,2076672.0,774422.299183075,825.0,827.0,2.0,491110.4,318259.2,1.5431145431145432,0,0,0,0,0,supplied_telemetry,supplied_telemetry.jsonl
1368,10.0,3,3,0,0,0.0,0.0,0,0,0,5.6000000000000005,9.9,3.0474032661705057,66.8,67.1,0.21602468994692736,3056981.3333333335,5632000.0,2285419.5539208017,255317.33333333334,667648.0,292500.1624949216,821.6666666666666,822.0,0.4714045207910317,76595.2,917094.4,0.08351942831621259,0,0,0,0,0,supplied_telemetry,supplied_telemetry.jsonl
1373,10.0,6,3,3,0,0.3,0.0,0,3,0,7.866666666666666,13.9,4.613265895460852,67.06666666666666,67.1,0.04714045207910049,1391274.6666666667,2179072.0,918858.1752665762,3772416.0,7516160.0,3038527.170742211,822.3333333333334,823.0,0.9428090415820634,1131724.8,417382.4,2.7114818449460256,0,0,0,0,0,supplied_telemetry,supplied_telemetry.jsonl
1374,10.0,7,5,2,0,0.2,0.0,0,2,0,2.52,3.1,0.34292856398964494,66.6,66.9,0.17888543819998412,31129.6,61440.0,19830.73228703368,10907648.0,53186560.0,21141113.938007787,823.0,823.0,0.0,5453824.0,15564.8,350.39473684210526,0,0,0,0,0,supplied_telemetry,supplied_telemetry.jsonl
1475,10.0,5,2,3,0,0.3,0.0,0,2,0,9.5,13.8,4.3,66.95,67.0,0.04999999999999716,2562048.0,5058560.0,2496512.0,1380352.0,2650112.0,1269760.0,825.0,826.0,1.0,276070.4,512409.6,0.5387689848121503,0,0,0,0,0,supplied_telemetry,supplied_telemetry.jsonl
1476,10.0,1,1,0,0,0.0,0.0,0,0,0,1.4,1.4,0.0,66.7,66.7,0.0,0.0,0.0,0.0,163840.0,163840.0,0.0,826.0,826.0,0.0,16384.0,0.0,16384.0,0,0,0,0,0,supplied_telemetry,supplied_telemetry.jsonl
1552,10.0,4,4,0,0,0.0,0.0,0,0,0,6.375,18.8,7.200130207155979,66.77499999999999,66.9,0.08291561975888564,1832960.0,7061504.0,3018773.535879762,922624.0,2965504.0,1195103.6397032687,824.25,825.0,0.4330127018922193,369049.6,733184.0,0.5033519553072625,0,0,0,0,0,supplied_telemetry,supplied_telemetry.jsonl
1643,10.0,4,3,1,0,0.1,0.0,0,1,0,7.166666666666667,9.2,2.5978623691198286,66.93333333333334,67.0,0.04714045207910049,9041237.333333334,21528576.0,8940906.782290833,1654784.0,4112384.0,1760883.0560450817,825.3333333333334,826.0,0.4714045207910317,496435.2,2712371.2,0.18302627604953187,0,0,0,0,0,supplied_telemetry,supplied_telemetry.jsonl
1644,10.0,1,0,1,0,0.1,0.0,0,1,0,0.0,0.0,0.0,0.0,0.0,0.0,0.0,0.0,0.0,0.0,0.0,0.0,0.0,0.0,0.0,0.0,0.0,0.0,0,0,0,0,0,supplied_telemetry,supplied_telemetry.jsonl
1742,10.0,2,2,0,0,0.0,0.0,0,0,0,11.8,18.7,6.8999999999999995,67.0,67.0,0.0,278528.0,532480.0,253952.0,2736128.0,2961408.0,225280.0,824.0,824.0,0.0,547225.6,55705.6,9.823529411764707,0,0,0,0,0,supplied_telemetry,supplied_telemetry.jsonl
1833,10.0,3,1,2,0,0.2,0.0,0,2,0,3.0,3.0,0.0,66.8,66.8,0.0,0.0,0.0,0.0,1396736.0,1396736.0,0.0,825.0,825.0,0.0,139673.6,0.0,139673.6,0,0,0,0,0,supplied_telemetry,supplied_telemetry.jsonl
1834,10.0,2,2,0,0,0.0,0.0,0,0,0,18.45,23.3,4.8500000000000005,67.2,67.4,0.20000000000000284,5562368.0,11034624.0,5472256.0,1687552.0,2088960.0,401408.0,823.0,823.0,0.0,337510.4,1112473.6,0.30338733431516934,0,0,0,0,0,supplied_telemetry,supplied_telemetry.jsonl
1918,10.0,3,3,0,0,0.0,0.0,0,0,0,7.833333333333332,18.9,7.825741001478531,67.06666666666668,67.2,0.12472191289246269,637610.6666666666,1568768.0,673243.6377168538,2220032.0,6569984.0,3075909.6472625243,822.3333333333334,823.0,0.4714045207910317,666009.6,191283.2,3.4817987152034258,0,0,0,0,0,supplied_telemetry,supplied_telemetry.jsonl
2009,10.0,10,3,7,0,0.7,0.0,0,6,1,9.766666666666666,20.3,7.4553485647702775,67.06666666666666,67.2,0.18856180831641536,5585578.666666667,12484608.0,5179623.014574795,2319701.3333333335,4087808.0,1627386.8431218872,825.0,828.0,2.449489742783178,695910.4,1675673.6,0.415301882180396,0,0,0,0,0,supplied_telemetry,supplied_telemetry.jsonl
2114,10.0,2,2,0,0,0.0,0.0,0,0,0,10.55,14.6,4.05,67.25,67.3,0.04999999999999716,13436928.0,26808320.0,13371392.0,2424832.0,4771840.0,2347008.0,827.0,827.0,0.0,484966.4,2687385.6,0.18046029568663313,0,0,0,0,0,supplied_telemetry,supplied_telemetry.jsonl
2115,10.0,1,1,0,0,0.0,0.0,0,0,0,1.5,1.5,0.0,67.0,67.0,0.0,8192.0,8192.0,0.0,20480.0,20480.0,0.0,827.0,827.0,0.0,2048.0,819.2,2.5,0,0,0,0,0,supplied_telemetry,supplied_telemetry.jsonl
2210,10.0,2,2,0,0,0.0,0.0,0,0,0,10.75,18.7,7.949999999999999,67.15,67.2,0.05000000000000426,3713024.0,7409664.0,3696640.0,2224128.0,4390912.0,2166784.0,826.0,826.0,0.0,444825.6,742604.8,0.5990071704357418,0,0,0,0,0,supplied_telemetry,supplied_telemetry.jsonl
2284,10.0,4,4,0,0,0.0,0.0,0,0,0,6.3,10.7,3.112073263919087,67.2,67.3,0.07071067811865576,731136.0,1036288.0,406769.0972726419,1256448.0,3026944.0,1158858.135262466,826.0,826.0,0.0,502579.2,292454.4,1.718487394957983,0,0,0,0,0,supplied_telemetry,supplied_telemetry.jsonl
2390,10.0,4,2,2,0,0.2,0.0,0,2,0,12.4,21.6,9.2,67.15,67.3,0.14999999999999858,6506496.0,12165120.0,5658624.0,1540096.0,2961408.0,1421312.0,827.0,827.0,0.0,308019.2,1301299.2,0.23670129052565314,0,0,0,0,0,supplied_telemetry,supplied_telemetry.jsonl
2482,10.0,4,3,1,0,0.1,0.0,0,1,0,12.566666666666665,17.4,6.141841924229425,67.13333333333334,67.2,0.09428090415820768,3302741.3333333335,9510912.0,4392476.165844601,1092266.6666666667,3170304.0,1469942.2410760075,827.0,827.0,0.0,327680.0,990822.4,0.3307151715584952,0,0,0,0,0,supplied_telemetry,supplied_telemetry.jsonl
2582,10.0,2,2,0,0,0.0,0.0,0,0,0,7.300000000000001,10.9,3.6,67.1,67.1,0.0,2052096.0,3833856.0,1781760.0,2291712.0,4288512.0,1996800.0,825.0,825.0,0.0,458342.4,410419.2,1.1167664670658684,0,0,0,0,0,supplied_telemetry,supplied_telemetry.jsonl
2650,10.0,7,4,3,0,0.3,0.0,0,3,0,11.35,19.8,5.492950027080167,67.05,67.1,0.04999999999999716,1122304.0,3686400.0,1484968.067729404,1670144.0,2678784.0,860005.7766503665,825.75,826.0,0.4330127018922193,668057.6,448921.6,1.4881386861313868,0,0,0,0,0,supplied_telemetry,supplied_telemetry.jsonl
2747,10.0,4,3,1,0,0.1,0.0,0,1,0,18.566666666666666,23.8,4.6506869265613755,67.43333333333334,67.9,0.3299831645537235,29287765.333333332,42991616.0,15125047.923016649,36705621.333333336,68718592.0,24960152.522437695,827.6666666666666,828.0,0.4714045207910317,11011686.4,8786329.6,1.2532749055988066,0,0,0,0,0,supplied_telemetry,supplied_telemetry.jsonl
2748,10.0,2,0,2,0,0.2,0.0,0,2,0,0.0,0.0,0.0,0.0,0.0,0.0,0.0,0.0,0.0,0.0,0.0,0.0,0.0,0.0,0.0,0.0,0.0,0.0,0,0,0,0,0,supplied_telemetry,supplied_telemetry.jsonl
2797,10.0,4,4,0,0,0.0,0.0,0,0,0,12.825,30.8,10.969132828077159,67.42500000000001,67.6,0.10897247358851472,2731008.0,6709248.0,2519974.5388428033,2742272.0,5382144.0,1784656.6247746372,827.0,827.0,0.0,1096908.8,1092403.2,1.0041244844394452,0,0,0,0,0,supplied_telemetry,supplied_telemetry.jsonl
2897,10.0,2,2,0,0,0.0,0.0,0,0,0,7.25,11.6,4.35,67.3,67.5,0.20000000000000284,796672.0,1388544.0,591872.0,1443840.0,2793472.0,1349632.0,827.0,827.0,0.0,288768.0,159334.4,1.8123393316195373,0,0,0,0,0,supplied_telemetry,supplied_telemetry.jsonl
2995,10.0,4,2,2,0,0.2,0.0,0,1,0,11.600000000000001,13.3,1.7000000000000002,67.1,67.1,0.0,4624384.0,6713344.0,2088960.0,1368064.0,2572288.0,1204224.0,825.0,825.0,0.0,273612.8,924876.8,0.29583702391496897,0,0,0,0,0,supplied_telemetry,supplied_telemetry.jsonl
2996,10.0,1,1,0,0,0.0,0.0,0,0,0,1.8,1.8,0.0,66.9,66.9,0.0,90112.0,90112.0,0.0,49152.0,49152.0,0.0,825.0,825.0,0.0,4915.2,9011.2,0.5454545454545454,0,0,0,0,0,supplied_telemetry,supplied_telemetry.jsonl
3016,10.0,3,3,0,0,0.0,0.0,0,0,0,4.5,8.3,2.6919633479426626,66.86666666666667,66.9,0.047140452079107185,410965.3333333333,1110016.0,496842.5300671789,1634304.0,3915776.0,1658844.6020914677,825.0,825.0,0.0,490291.2,123289.6,3.9767441860465116,0,0,0,0,0,supplied_telemetry,supplied_telemetry.jsonl
3117,10.0,3,2,1,0,0.1,0.0,0,1,0,8.15,11.3,3.1500000000000004,67.05,67.1,0.04999999999999716,2359296.0,4698112.0,2338816.0,1703936.0,2752512.0,1048576.0,826.5,827.0,0.5,340787.2,471859.2,0.7222222222222222,0,0,0,0,0,supplied_telemetry,supplied_telemetry.jsonl
3118,10.0,1,1,0,0,0.0,0.0,0,0,0,2.3,2.3,0.0,67.8,67.8,0.0,0.0,0.0,0.0,20480.0,20480.0,0.0,826.0,826.0,0.0,2048.0,0.0,2048.0,0,0,0,0,0,supplied_telemetry,supplied_telemetry.jsonl
3213,10.0,2,2,0,0,0.0,0.0,0,0,0,10.25,17.4,7.1499999999999995,67.19999999999999,67.3,0.10000000000000142,75776.0,81920.0,6144.0,1359872.0,2666496.0,1306624.0,825.0,825.0,0.0,271974.4,15155.2,17.945945945945947,0,0,0,0,0,supplied_telemetry,supplied_telemetry.jsonl
3312,10.0,5,3,2,0,0.2,0.0,0,2,0,6.166666666666667,7.7,1.9601587237318876,67.16666666666667,67.2,0.047140452079107185,2348373.3333333335,4349952.0,1582987.2741213753,1194666.6666666667,2813952.0,1172159.1425118956,826.3333333333334,827.0,0.4714045207910317,358400.0,704512.0,0.5087209302325582,0,0,0,0,0,supplied_telemetry,supplied_telemetry.jsonl
3382,10.0,4,4,0,0,0.0,0.0,0,0,0,12.725000000000001,20.9,6.294590931903359,67.025,67.1,0.08291561975888029,532480.0,1605632.0,629052.7931549147,1983488.0,4767744.0,1621908.3600647727,826.0,826.0,0.0,793395.2,212992.0,3.7249999999999996,0,0,0,0,0,supplied_telemetry,supplied_telemetry.jsonl
3474,10.0,2,2,0,0,0.0,0.0,0,0,0,10.899999999999999,18.9,7.999999999999999,67.15,67.2,0.05000000000000426,159744.0,303104.0,143360.0,1986560.0,3903488.0,1916928.0,826.0,826.0,0.0,397312.0,31948.8,12.435897435897436,0,0,0,0,0,supplied_telemetry,supplied_telemetry.jsonl
3568,10.0,3,3,0,0,0.0,0.0,0,0,0,5.666666666666667,9.0,3.013672547278855,67.16666666666667,67.2,0.047140452079107185,483328.0,1396736.0,646242.7140654405,1941504.0,5648384.0,2621493.3327908097,826.0,826.0,0.0,582451.2,144998.4,4.016949152542373,0,0,0,0,0,supplied_telemetry,supplied_telemetry.jsonl
3670,10.0,2,2,0,0,0.0,0.0,0,0,0,11.0,18.6,7.6000000000000005,67.7,68.2,0.5,241664.0,483328.0,241664.0,1282048.0,2506752.0,1224704.0,825.5,826.0,0.5,256409.6,48332.8,5.305084745762712,0,0,0,0,0,supplied_telemetry,supplied_telemetry.jsonl
3748,10.0,6,4,2,0,0.2,0.0,0,2,0,5.050000000000001,9.2,2.542144763777232,67.15,67.3,0.11180339887498948,69632.0,196608.0,77174.5533190831,899072.0,1839104.0,654056.3032889446,825.75,826.0,0.4330127018922193,359628.8,27852.8,12.911764705882353,0,0,0,0,0,supplied_telemetry,supplied_telemetry.jsonl
3798,10.0,1,1,0,0,0.0,0.0,0,0,0,12.3,12.3,0.0,67.4,67.4,0.0,15388672.0,15388672.0,0.0,7086080.0,7086080.0,0.0,826.0,826.0,0.0,708608.0,1538867.2,0.46047378227309027,0,0,0,0,0,supplied_telemetry,supplied_telemetry.jsonl
3799,10.0,5,3,2,0,0.2,0.0,0,2,0,7.133333333333333,11.3,3.092284304882432,67.36666666666667,67.5,0.12472191289246395,2686976.0,4661248.0,1872166.255500474,3414698.6666666665,6729728.0,2473390.174501566,826.3333333333334,827.0,0.4714045207910317,1024409.6,806092.8,1.2708333333333333,0,0,0,0,0,supplied_telemetry,supplied_telemetry.jsonl
3901,10.0,1,1,0,0,0.0,0.0,0,0,0,17.5,17.5,0.0,67.4,67.4,0.0,6541312.0,6541312.0,0.0,2084864.0,2084864.0,0.0,826.0,826.0,0.0,208486.4,654131.2,0.3187226048841578,0,0,0,0,0,supplied_telemetry,supplied_telemetry.jsonl
3902,10.0,1,1,0,0,0.0,0.0,0,0,0,3.7,3.7,0.0,67.3,67.3,0.0,57344.0,57344.0,0.0,81920.0,81920.0,0.0,826.0,826.0,0.0,8192.0,5734.4,1.4285714285714286,0,0,0,0,0,supplied_telemetry,supplied_telemetry.jsonl
4006,10.0,7,3,4,0,0.4,0.0,0,4,0,6.3,9.9,2.6733250207684565,67.43333333333334,67.5,0.09428090415820768,8456874.666666666,21258240.0,9192591.111482382,1758549.3333333333,4177920.0,1747097.5198924136,827.6666666666666,828.0,0.4714045207910317,527564.8,2537062.4,0.20794317081046176,0,0,0,0,0,supplied_telemetry,supplied_telemetry.jsonl
4108,10.0,5,2,3,0,0.3,0.0,0,3,0,20.15,26.2,6.049999999999999,67.8,68.3,0.5,5191680.0,9785344.0,4593664.0,2570240.0,3584000.0,1013760.0,828.0,828.0,0.0,514048.0,1038336.0,0.49506903353057197,0,0,0,0,0,supplied_telemetry,supplied_telemetry.jsonl
4202,10.0,1,1,0,0,0.0,0.0,0,0,0,13.7,13.7,0.0,67.3,67.3,0.0,3858432.0,3858432.0,0.0,16576512.0,16576512.0,0.0,828.0,828.0,0.0,1657651.2,385843.2,4.296178343949045,0,0,0,0,0,supplied_telemetry,supplied_telemetry.jsonl
4203,10.0,2,2,0,0,0.0,0.0,0,0,0,7.85,13.1,5.25,67.25,67.3,0.04999999999999716,3721216.0,7426048.0,3704832.0,2408448.0,4759552.0,2351104.0,827.0,827.0,0.0,481689.6,744243.2,0.647220693450743,0,0,0,0,0,supplied_telemetry,supplied_telemetry.jsonl
4294,10.0,3,1,2,0,0.2,0.0,0,2,0,18.3,18.3,0.0,67.4,67.4,0.0,5562368.0,5562368.0,0.0,4857856.0,4857856.0,0.0,828.0,828.0,0.0,485785.6,556236.8,0.873343151693667,0,0,0,0,0,supplied_telemetry,supplied_telemetry.jsonl
4295,10.0,6,2,4,0,0.4,0.0,0,1,0,6.65,8.5,1.85,67.35,67.5,0.14999999999999858,2729984.0,4825088.0,2095104.0,1107968.0,1187840.0,79872.0,833.5,834.0,0.5,221593.6,545996.8,0.4058514628657164,0,0,0,0,0,supplied_telemetry,supplied_telemetry.jsonl
4395,10.0,4,2,2,0,0.2,0.0,0,2,0,8.1,13.5,5.3999999999999995,67.35,67.4,0.05000000000000426,2752512.0,5505024.0,2752512.0,1794048.0,3514368.0,1720320.0,833.0,833.0,0.0,358809.6,550502.4,0.6517857142857142,0,0,0,0,0,supplied_telemetry,supplied_telemetry.jsonl
4474,10.0,4,4,0,0,0.0,0.0,0,0,0,5.425,11.4,3.465815199920504,67.325,67.5,0.12990381056766523,1085440.0,4210688.0,1804633.1747011635,1489920.0,3506176.0,1303810.1865286988,831.0,832.0,0.7071067811865476,595968.0,434176.0,1.3726415094339623,0,0,0,0,0,supplied_telemetry,supplied_telemetry.jsonl
4579,10.0,6,1,5,0,0.5,0.0,0,3,1,24.6,24.6,0.0,67.5,67.5,0.0,14508032.0,14508032.0,0.0,2625536.0,2625536.0,0.0,832.0,832.0,0.0,262553.6,1450803.2,0.18097120271033312,0,0,0,0,0,supplied_telemetry,supplied_telemetry.jsonl
4580,10.0,2,2,0,0,0.0,0.0,0,0,0,10.100000000000001,15.3,5.2,67.8,68.1,0.29999999999999716,12060672.0,21536768.0,9476096.0,724992.0,1269760.0,544768.0,835.5,836.0,0.5,144998.4,2412134.4,0.06011207335710647,0,0,0,0,0,supplied_telemetry,supplied_telemetry.jsonl
4670,10.0,3,2,1,0,0.1,0.0,0,1,0,11.45,19.4,7.949999999999999,67.4,67.5,0.10000000000000142,10237952.0,19873792.0,9635840.0,2701312.0,5091328.0,2390016.0,835.0,835.0,0.0,540262.4,2047590.4,0.2638527705541108,0,0,0,0,0,supplied_telemetry,supplied_telemetry.jsonl
4764,10.0,3,3,0,0,0.0,0.0,0,0,0,10.233333333333333,17.6,6.694442139234274,67.23333333333333,67.4,0.12472191289246903,4868778.666666667,12460032.0,5438872.468520005,1194666.6666666667,3485696.0,1620033.4460722988,832.6666666666666,835.0,2.6246692913372702,358400.0,1460633.6,0.24537296690970273,0,0,0,0,0,supplied_telemetry,supplied_telemetry.jsonl
4840,10.0,6,3,3,0,0.3,0.0,0,3,0,15.700000000000001,20.4,3.3236526092037146,67.03333333333333,67.1,0.04714045207910049,9714346.666666666,21762048.0,8850058.860788265,3123882.6666666665,6107136.0,2130608.681824255,831.0,831.0,0.0,937164.8,2914304.0,0.32157413914265637,0,0,0,0,0,supplied_telemetry,supplied_telemetry.jsonl
4947,10.0,2,2,0,0,0.0,0.0,0,0,0,10.15,16.5,6.3500000000000005,67.15,67.3,0.14999999999999858,1599488.0,3182592.0,1583104.0,1951744.0,3092480.0,1140736.0,831.5,832.0,0.5,390348.8,319897.6,1.2202304737516005,0,0,0,0,0,supplied_telemetry,supplied_telemetry.jsonl
4948,10.0,2,1,1,0,0.1,0.0,0,1,0,5.9,5.9,0.0,67.0,67.0,0.0,2351104.0,2351104.0,0.0,3268608.0,3268608.0,0.0,825.0,825.0,0.0,326860.8,235110.4,1.3902439024390243,0,0,0,0,0,supplied_telemetry,supplied_telemetry.jsonl
5049,10.0,1,1,0,0,0.0,0.0,0,0,0,10.8,10.8,0.0,67.2,67.2,0.0,2699264.0,2699264.0,0.0,1654784.0,1654784.0,0.0,825.0,825.0,0.0,165478.4,269926.4,0.613050075872534,0,0,0,0,0,supplied_telemetry,supplied_telemetry.jsonl
5050,10.0,2,2,0,0,0.0,0.0,0,0,0,3.1,4.0,0.8999999999999999,67.55000000000001,67.9,0.3500000000000014,0.0,0.0,0.0,49152.0,81920.0,32768.0,825.0,825.0,0.0,9830.4,0.0,9830.4,0,0,0,0,0,supplied_telemetry,supplied_telemetry.jsonl
5147,10.0,2,2,0,0,0.0,0.0,0,0,0,11.05,18.8,7.750000000000001,67.19999999999999,67.3,0.10000000000000142,264192.0,331776.0,67584.0,1601536.0,3145728.0,1544192.0,825.0,825.0,0.0,320307.2,52838.4,6.062015503875969,0,0,0,0,0,supplied_telemetry,supplied_telemetry.jsonl
5206,10.0,6,4,2,0,0.2,0.0,0,2,0,5.7,10.7,2.9359836511806394,67.225,67.3,0.08291561975888564,5582848.0,21258240.0,9056745.5245354,1406976.0,3735552.0,1382782.2404876337,826.5,827.0,0.5,562790.4,2233139.2,0.252017608217168,0,0,0,0,0,supplied_telemetry,supplied_telemetry.jsonl
5306,10.0,2,2,0,0,0.0,0.0,0,0,0,6.25,8.6,2.3499999999999996,67.3,67.3,0.0,770048.0,1540096.0,770048.0,1644544.0,3190784.0,1546240.0,826.0,826.0,0.0,328908.8,154009.6,2.1356382978723403,0,0,0,0,0,supplied_telemetry,supplied_telemetry.jsonl
5408,10.0,3,3,0,0,0.0,0.0,0,0,0,14.633333333333333,27.5,9.81201078044432,67.19999999999999,67.3,0.08164965809277376,91477.33333333333,225280.0,95143.26092559345,1445888.0,1847296.0,361625.22909037565,825.0,825.0,0.0,433766.4,27443.2,15.805970149253731,0,0,0,0,0,supplied_telemetry,supplied_telemetry.jsonl
5505,10.0,2,2,0,0,0.0,0.0,0,0,0,11.05,17.5,6.45,67.3,67.3,0.0,528384.0,1036288.0,507904.0,2772992.0,5459968.0,2686976.0,825.0,825.0,0.0,554598.4,105676.8,5.248062015503876,0,0,0,0,0,supplied_telemetry,supplied_telemetry.jsonl
5506,10.0,1,1,0,0,0.0,0.0,0,0,0,1.1,1.1,0.0,67.1,67.1,0.0,0.0,0.0,0.0,16384.0,16384.0,0.0,825.0,825.0,0.0,1638.4,0.0,1638.4,0,0,0,0,0,supplied_telemetry,supplied_telemetry.jsonl
5572,10.0,5,3,2,0,0.2,0.0,0,2,0,10.700000000000001,18.7,5.887840577551898,67.36666666666666,67.7,0.24944382578493296,8836437.333333334,21331968.0,8908115.005287457,1249280.0,3485696.0,1582943.7021044053,825.3333333333334,826.0,0.9428090415820634,374784.0,2650931.2,0.14137824474660074,0,0,0,0,0,supplied_telemetry,supplied_telemetry.jsonl
5573,10.0,2,2,0,0,0.0,0.0,0,0,0,2.5,3.2,0.7000000000000001,67.05,67.1,0.04999999999999716,182272.0,315392.0,133120.0,456704.0,831488.0,374784.0,823.5,824.0,0.5,91340.8,36454.4,2.50561797752809,0,0,0,0,0,supplied_telemetry,supplied_telemetry.jsonl
5674,10.0,7,1,6,0,0.6,0.0,0,5,1,26.8,26.8,0.0,67.6,67.6,0.0,40271872.0,40271872.0,0.0,30167040.0,30167040.0,0.0,825.0,825.0,0.0,3016704.0,4027187.2,0.7490846216436127,0,0,0,0,0,supplied_telemetry,supplied_telemetry.jsonl
5675,10.0,2,1,1,0,0.1,0.0,0,1,0,18.6,18.6,0.0,67.4,67.4,0.0,9646080.0,9646080.0,0.0,19513344.0,19513344.0,0.0,828.0,828.0,0.0,1951334.4,964608.0,2.0229299363057325,0,0,0,0,0,supplied_telemetry,supplied_telemetry.jsonl
5772,10.0,3,3,0,0,0.0,0.0,0,0,0,8.6,17.5,6.603534407169138,67.5,67.6,0.08164965809276796,3072000.0,7852032.0,3392350.2929565907,3241301.3333333335,6475776.0,2637044.4010143043,828.0,828.0,0.0,972390.4,921600.0,1.055111111111111,0,0,0,0,0,supplied_telemetry,supplied_telemetry.jsonl
5863,10.0,2,2,0,0,0.0,0.0,0,0,0,6.9,9.3,2.4000000000000004,67.5,67.5,0.0,346112.0,598016.0,251904.0,1712128.0,3182592.0,1470464.0,828.0,828.0,0.0,342425.6,69222.4,4.946745562130178,0,0,0,0,0,supplied_telemetry,supplied_telemetry.jsonl
5955,10.0,3,3,0,0,0.0,0.0,0,0,0,7.1000000000000005,16.0,6.3039670049897945,67.39999999999999,67.5,0.08164965809277376,120149.33333333333,290816.0,121614.34114262823,1137322.6666666667,1953792.0,798634.8079922944,826.6666666666666,828.0,0.9428090415820634,341196.8,36044.8,9.46590909090909,0,0,0,0,0,supplied_telemetry,supplied_telemetry.jsonl
6047,10.0,3,3,0,0,0.0,0.0,0,0,0,5.3,9.7,3.343650699460097,67.5,67.8,0.2449489742783155,709973.3333333334,1814528.0,788110.8007200229,711338.6666666666,2035712.0,936479.3365755002,826.0,826.0,0.0,213401.6,212992.0,1.001923076923077,0,0,0,0,0,supplied_telemetry,supplied_telemetry.jsonl
6149,10.0,1,1,0,0,0.0,0.0,0,0,0,19.1,19.1,0.0,67.4,67.4,0.0,8118272.0,8118272.0,0.0,2072576.0,2072576.0,0.0,826.0,826.0,0.0,207257.6,811827.2,0.25529767911200807,0,0,0,0,0,supplied_telemetry,supplied_telemetry.jsonl
6150,10.0,1,1,0,0,0.0,0.0,0,0,0,2.8,2.8,0.0,67.3,67.3,0.0,0.0,0.0,0.0,53248.0,53248.0,0.0,826.0,826.0,0.0,5324.8,0.0,5324.8,0,0,0,0,0,supplied_telemetry,supplied_telemetry.jsonl
6247,10.0,3,2,1,0,0.1,0.0,0,1,0,7.2,10.0,2.8,67.4,67.4,0.0,1001472.0,1978368.0,976896.0,1507328.0,2924544.0,1417216.0,827.0,827.0,0.0,301465.6,200294.4,1.5051124744376276,0,0,0,0,0,supplied_telemetry,supplied_telemetry.jsonl
6248,10.0,2,1,1,0,0.1,0.0,0,1,0,3.6,3.6,0.0,67.3,67.3,0.0,21843968.0,21843968.0,0.0,118784.0,118784.0,0.0,828.0,828.0,0.0,11878.4,2184396.8,0.005437839864991563,0,0,0,0,0,supplied_telemetry,supplied_telemetry.jsonl
6351,10.0,1,1,0,0,0.0,0.0,0,0,0,17.8,17.8,0.0,67.4,67.4,0.0,1101824.0,1101824.0,0.0,2764800.0,2764800.0,0.0,827.0,827.0,0.0,276480.0,110182.4,2.509293680297398,0,0,0,0,0,supplied_telemetry,supplied_telemetry.jsonl
6352,10.0,1,1,0,0,0.0,0.0,0,0,0,3.1,3.1,0.0,67.4,67.4,0.0,0.0,0.0,0.0,53248.0,53248.0,0.0,827.0,827.0,0.0,5324.8,0.0,5324.8,0,0,0,0,0,supplied_telemetry,supplied_telemetry.jsonl
6449,10.0,5,3,2,0,0.2,0.0,0,1,0,6.5,8.6,2.177154105707724,67.43333333333334,67.5,0.09428090415820768,2222762.6666666665,3665920.0,1084186.432525739,1462272.0,2121728.0,538443.5692722745,825.6666666666666,827.0,0.9428090415820634,438681.6,666828.8,0.6578624078624078,0,0,0,0,0,supplied_telemetry,supplied_telemetry.jsonl
6540,10.0,1,1,0,0,0.0,0.0,0,0,0,16.9,16.9,0.0,67.5,67.5,0.0,4055040.0,4055040.0,0.0,1040384.0,1040384.0,0.0,825.0,825.0,0.0,104038.4,405504.0,0.25656565656565655,0,0,0,0,0,supplied_telemetry,supplied_telemetry.jsonl
6541,10.0,1,1,0,0,0.0,0.0,0,0,0,3.3,3.3,0.0,67.5,67.5,0.0,24576.0,24576.0,0.0,73728.0,73728.0,0.0,825.0,825.0,0.0,7372.8,2457.6,3.0,0,0,0,0,0,supplied_telemetry,supplied_telemetry.jsonl
6636,10.0,3,2,1,0,0.1,0.0,0,1,0,10.8,15.9,5.1000000000000005,67.6,67.6,0.0,16642048.0,33099776.0,16457728.0,2344960.0,2494464.0,149504.0,825.5,826.0,0.5,468992.0,3328409.6,0.14090573467880876,0,0,0,0,0,supplied_telemetry,supplied_telemetry.jsonl
6637,10.0,2,1,1,0,0.1,0.0,0,1,0,4.4,4.4,0.0,67.4,67.4,0.0,4370432.0,4370432.0,0.0,131072.0,131072.0,0.0,827.0,827.0,0.0,13107.2,437043.2,0.02999062792877226,0,0,0,0,0,supplied_telemetry,supplied_telemetry.jsonl
6744,10.0,2,2,0,0,0.0,0.0,0,0,0,12.5,17.3,4.800000000000001,67.55,67.6,0.04999999999999716,14657536.0,26427392.0,11769856.0,1875968.0,3698688.0,1822720.0,826.0,826.0,0.0,375193.6,2931507.2,0.12798658655861392,0,0,0,0,0,supplied_telemetry,supplied_telemetry.jsonl
6745,10.0,1,1,0,0,0.0,0.0,0,0,0,1.3,1.3,0.0,67.2,67.2,0.0,0.0,0.0,0.0,36864.0,36864.0,0.0,826.0,826.0,0.0,3686.4,0.0,3686.4,0,0,0,0,0,supplied_telemetry,supplied_telemetry.jsonl
6757,10.0,4,3,1,0,0.1,0.0,0,1,0,6.766666666666667,8.9,1.510702559149955,67.5,67.6,0.08164965809276796,7663616.0,17006592.0,6607121.822802624,1306624.0,3080192.0,1282673.8067937095,825.3333333333334,826.0,0.4714045207910317,391987.2,2299084.8,0.17049706039551044,0,0,0,0,0,supplied_telemetry,supplied_telemetry.jsonl
6862,10.0,2,2,0,0,0.0,0.0,0,0,0,7.5,8.0,0.5,67.5,67.5,0.0,675840.0,1110016.0,434176.0,1415168.0,2170880.0,755712.0,825.0,825.0,0.0,283033.6,135168.0,2.0939393939393938,0,0,0,0,0,supplied_telemetry,supplied_telemetry.jsonl
6863,10.0,1,1,0,0,0.0,0.0,0,0,0,1.4,1.4,0.0,67.3,67.3,0.0,20480.0,20480.0,0.0,20480.0,20480.0,0.0,825.0,825.0,0.0,2048.0,2048.0,1.0,0,0,0,0,0,supplied_telemetry,supplied_telemetry.jsonl
6948,10.0,5,3,2,0,0.2,0.0,0,2,0,22.46666666666667,39.0,11.690832115617587,67.7,68.2,0.35590260840104343,21297834.666666668,40755200.0,16481784.301062336,2594133.3333333335,4931584.0,1662664.3429911588,825.3333333333334,826.0,0.4714045207910317,778240.0,6389350.4,0.12180267965895249,0,0,0,0,0,supplied_telemetry,supplied_telemetry.jsonl
6949,10.0,1,1,0,0,0.0,0.0,0,0,0,2.8,2.8,0.0,67.6,67.6,0.0,77824.0,77824.0,0.0,774144.0,774144.0,0.0,825.0,825.0,0.0,77414.4,7782.4,9.947368421052632,0,0,0,0,0,supplied_telemetry,supplied_telemetry.jsonl
7049,10.0,5,2,3,0,0.3,0.0,0,3,0,9.6,13.5,3.9,67.45,67.5,0.04999999999999716,4409344.0,5435392.0,1026048.0,2353152.0,4493312.0,2140160.0,824.0,825.0,1.0,470630.4,881868.8,0.5336739433348816,0,0,0,0,0,supplied_telemetry,supplied_telemetry.jsonl
7149,10.0,4,3,1,0,0.1,0.0,0,1,0,8.766666666666667,15.6,5.634615238761994,67.36666666666667,67.4,0.047140452079107185,2693802.6666666665,5861376.0,2347341.1685185907,1100458.6666666667,2334720.0,945826.22876063,823.3333333333334,824.0,0.4714045207910317,330137.6,808140.8,0.4085149518499746,0,0,0,0,0,supplied_telemetry,supplied_telemetry.jsonl
7251,10.0,2,1,1,0,0.1,0.0,0,1,0,13.1,13.1,0.0,67.4,67.4,0.0,2617344.0,2617344.0,0.0,4177920.0,4177920.0,0.0,824.0,824.0,0.0,417792.0,261734.4,1.596244131455399,0,0,0,0,0,supplied_telemetry,supplied_telemetry.jsonl
7252,10.0,2,1,1,0,0.1,0.0,0,1,0,3.9,3.9,0.0,67.4,67.4,0.0,20480.0,20480.0,0.0,110592.0,110592.0,0.0,824.0,824.0,0.0,11059.2,2048.0,5.4,0,0,0,0,0,supplied_telemetry,supplied_telemetry.jsonl
7354,10.0,3,3,0,0,0.0,0.0,0,0,0,9.266666666666667,17.6,5.912886116121486,67.43333333333334,67.5,0.04714045207910049,2654208.0,4259840.0,1155977.0260600627,1441792.0,2322432.0,633923.5462125277,824.0,825.0,0.816496580927726,432537.6,796262.4,0.5432098765432098,0,0,0,0,0,supplied_telemetry,supplied_telemetry.jsonl
7452,10.0,5,2,3,0,0.3,0.0,0,3,0,16.5,18.6,2.1000000000000005,67.55,67.6,0.04999999999999716,1841152.0,3588096.0,1746944.0,4333568.0,7102464.0,2768896.0,824.5,825.0,0.5,866713.6,368230.4,2.353726362625139,0,0,0,0,0,supplied_telemetry,supplied_telemetry.jsonl
7453,10.0,2,1,1,0,0.1,0.0,0,1,0,13.3,13.3,0.0,67.4,67.4,0.0,4096.0,4096.0,0.0,598016.0,598016.0,0.0,824.0,824.0,0.0,59801.6,409.6,146.0,0,0,0,0,0,supplied_telemetry,supplied_telemetry.jsonl
7553,10.0,4,2,2,0,0.2,0.0,0,2,0,13.75,22.9,9.15,67.95,68.4,0.45000000000000284,2480128.0,3211264.0,731136.0,1953792.0,3059712.0,1105920.0,825.5,826.0,0.5,390758.4,496025.6,0.7877786952931463,0,0,0,0,0,supplied_telemetry,supplied_telemetry.jsonl
7656,10.0,3,3,0,0,0.0,0.0,0,0,0,6.233333333333333,11.9,4.296768811819205,67.46666666666667,67.5,0.04714045207910049,5666133.333333333,14921728.0,6599377.047576402,890197.3333333334,2514944.0,1149964.1071886644,825.0,825.0,0.0,267059.2,1699840.0,0.15710843373493977,0,0,0,0,0,supplied_telemetry,supplied_telemetry.jsonl
7674,10.0,3,3,0,0,0.0,0.0,0,0,0,10.066666666666668,17.1,5.756349151637308,68.2,69.7,1.0614455552060438,18833408.0,48013312.0,20919978.262896545,5256533.333333333,12656640.0,5373163.476024983,824.0,824.0,0.0,1576960.0,5650022.4,0.27910685805422647,0,0,0,0,0,supplied_telemetry,supplied_telemetry.jsonl
7675,10.0,3,3,0,0,0.0,0.0,0,0,0,4.2,4.8,0.42426406871192845,67.10000000000001,67.6,0.3741657386773906,102400.0,208896.0,76483.04373301749,5356202.666666667,14794752.0,6674193.16363785,824.0,824.0,0.0,1606860.8,30720.0,52.306666666666665,0,0,0,0,0,supplied_telemetry,supplied_telemetry.jsonl
7782,10.0,3,2,1,0,0.1,0.0,0,1,0,9.2,13.7,4.5,66.5,66.7,0.20000000000000284,3401728.0,6705152.0,3303424.0,2054144.0,2473984.0,419840.0,825.5,826.0,0.5,410828.8,680345.6,0.6038531005418423,0,0,0,0,0,supplied_telemetry,supplied_telemetry.jsonl
7872,10.0,5,3,2,0,0.2,0.0,0,2,0,18.466666666666665,24.6,4.98085222516076,67.03333333333332,67.7,0.47842333648024765,5825877.333333333,11722752.0,4761631.661925796,1840469.3333333333,3768320.0,1396755.3520979334,825.0,826.0,0.816496580927726,552140.8,1747763.2,0.31591281931099136,0,0,0,0,0,supplied_telemetry,supplied_telemetry.jsonl
7971,10.0,1,1,0,0,0.0,0.0,0,0,0,18.4,18.4,0.0,67.1,67.1,0.0,6316032.0,6316032.0,0.0,5533696.0,5533696.0,0.0,823.0,823.0,0.0,553369.6,631603.2,0.8761348897535668,0,0,0,0,0,supplied_telemetry,supplied_telemetry.jsonl
7972,10.0,1,1,0,0,0.0,0.0,0,0,0,2.9,2.9,0.0,66.9,66.9,0.0,32768.0,32768.0,0.0,53248.0,53248.0,0.0,823.0,823.0,0.0,5324.8,3276.8,1.625,0,0,0,0,0,supplied_telemetry,supplied_telemetry.jsonl
8040,10.0,6,4,2,0,0.2,0.0,0,2,0,5.275,9.6,2.760774347895894,67.025,67.2,0.1299038105676632,1406976.0,5218304.0,2206443.1937759016,1364992.0,3629056.0,1357987.320494562,824.5,825.0,0.8660254037844386,545996.8,562790.4,0.9701601164483261,0,0,0,0,0,supplied_telemetry,supplied_telemetry.jsonl
8134,10.0,6,2,4,0,0.4,0.0,0,3,0,36.65,37.8,1.1499999999999986,71.25,71.6,0.3499999999999943,24477696.0,28946432.0,4468736.0,19460096.0,29982720.0,10522624.0,827.0,828.0,1.0,3892019.2,4895539.2,0.7950133868808568,0,0,0,0,0,supplied_telemetry,supplied_telemetry.jsonl
8135,10.0,12,5,7,0,0.7,0.0,0,5,1,19.54,31.6,6.532564580622223,68.97999999999999,70.7,1.4824304368165133,10543104.0,43507712.0,16524027.743181938,5453414.4,16982016.0,6174657.493229226,826.8,827.0,0.4000000000000001,2726707.2,5271552.0,0.5172494172494173,0,0,0,0,0,supplied_telemetry,supplied_telemetry.jsonl
8136,10.0,5,5,0,0,0.0,0.0,0,0,0,6.92,13.7,5.3371902720438955,67.74000000000001,68.7,0.6711184694224994,217088.0,696320.0,260732.19830316317,3098214.4,9244672.0,3541362.468439829,826.0,826.0,0.0,1549107.2,108544.0,14.271698113207547,0,0,0,0,0,supplied_telemetry,supplied_telemetry.jsonl
8137,10.0,5,5,0,0,0.0,0.0,0,0,0,2.18,2.6,0.30594117081556715,67.02000000000001,67.2,0.11661903789690377,135168.0,335872.0,111754.01375521149,210534.4,479232.0,207947.75210864868,823.8,825.0,0.7483314773547883,105267.2,67584.0,1.5575757575757576,0,0,0,0,0,supplied_telemetry,supplied_telemetry.jsonl
8138,10.0,5,5,0,0,0.0,0.0,0,0,0,2.66,4.7,1.1038115781237303,66.9,66.9,0.0,6553.6,32768.0,13107.2,674201.6,2908160.0,1126141.1030469672,823.0,823.0,0.0,337100.8,3276.8,102.87499999999999,0,0,0,0,0,supplied_telemetry,supplied_telemetry.jsonl
8139,10.0,5,5,0,0,0.0,0.0,0,0,0,2.1399999999999997,2.9,0.5425863986500215,67.24,68.1,0.4409081537009689,6553.6,32768.0,13107.200000000003,165478.4,303104.0,112131.69382043598,821.2,823.0,1.469693845669907,82739.2,3276.8,25.249999999999996,0,0,0,0,0,supplied_telemetry,supplied_telemetry.jsonl
8140,10.0,5,5,0,0,0.0,0.0,0,0,0,1.86,2.5,0.39293765408777004,67.0,67.0,0.0,49152.0,180224.0,70279.53037976279,186777.6,335872.0,128423.80782643068,820.0,820.0,0.0,93388.8,24576.0,3.8000000000000003,0,0,0,0,0,supplied_telemetry,supplied_telemetry.jsonl
8141,10.0,5,5,0,0,0.0,0.0,0,0,0,2.8200000000000003,4.1,0.8930845424706442,67.1,67.4,0.1549193338482989,149913.6,749568.0,299827.2,344883.2,1400832.0,533288.5037329795,820.0,820.0,0.0,172441.6,74956.8,2.300546448087432,0,0,0,0,0,supplied_telemetry,supplied_telemetry.jsonl
8142,10.0,5,5,0,0,0.0,0.0,0,0,0,1.86,2.4,0.31368774282716244,67.32000000000001,68.0,0.35440090293338755,0.0,0.0,0.0,127795.2,278528.0,118526.66193629178,820.0,820.0,0.0,63897.6,0.0,63897.6,0,0,0,0,0,supplied_telemetry,supplied_telemetry.jsonl
8143,10.0,5,5,0,0,0.0,0.0,0,0,0,5.359999999999999,11.1,3.7140813130571058,68.1,69.5,0.9295160030897829,183500.8,901120.0,358865.7052026008,343244.8,1114112.0,401026.6400679137,820.0,820.0,0.0,171622.4,91750.4,1.8705357142857144,0,0,0,0,0,supplied_telemetry,supplied_telemetry.jsonl
8144,10.0,7,5,2,0,0.2,0.0,0,2,0,8.879999999999999,12.4,2.6618790355686714,68.22,68.9,0.49959983987187306,2501017.6,3555328.0,1280188.6642400175,922419.2,3309568.0,1198552.592192833,820.4,821.0,0.48989794855663565,461209.6,1250508.8,0.3688175565018015,0,0,0,0,0,supplied_telemetry,supplied_telemetry.jsonl
8145,10.0,5,5,0,0,0.0,0.0,0,0,0,3.3200000000000003,4.5,0.7782030583337487,67.72,68.5,0.3919183588453089,382566.4,1253376.0,468805.7649447583,364544.0,1257472.0,463590.4841128644,820.6,821.0,0.48989794855663565,182272.0,191283.2,0.9528907922912205,0,0,0,0,0,supplied_telemetry,supplied_telemetry.jsonl
8146,10.0,16,5,11,0,1.1,0.0,0,10,1,23.04,61.9,20.11940356968864,68.1,68.8,0.5366563145999519,38029721.6,150302720.0,56816794.15105483,6474137.6,26984448.0,10304865.445402179,824.2,831.0,4.069397989875161,3237068.8,19014860.8,0.17023889020528615,0,0,0,0,0,supplied_telemetry,supplied_telemetry.jsonl
8147,10.0,14,5,9,0,0.9,0.0,0,9,1,49.7,61.8,8.789766777338293,68.58000000000001,68.7,0.11661903789690523,227060940.8,396017664.0,117378126.38434331,27236761.6,49274880.0,13239885.107264543,828.8,830.0,0.7483314773547883,13618380.8,113530470.4,0.11995353099497066,0,0,0,0,0,supplied_telemetry,supplied_telemetry.jsonl
8148,10.0,8,5,3,0,0.3,0.0,0,3,0,39.42,56.0,12.416988362723064,69.47999999999999,70.0,0.31874754901018426,68152524.8,165548032.0,55969555.71924804,21164851.2,51560448.0,17147885.366687596,831.8,832.0,0.4,10582425.6,34076262.4,0.3105512416760824,0,0,0,0,0,supplied_telemetry,supplied_telemetry.jsonl
8149,10.0,20,5,15,0,1.5,0.0,0,3,1,36.96,53.6,11.9429644561139,69.08,69.2,0.11661903789690524,60986982.4,167133184.0,54665494.2179283,43351244.8,72253440.0,20730502.301657878,836.4,839.0,2.4166091947189146,21675622.4,30493491.2,0.710827837253348,0,0,0,0,0,supplied_telemetry,supplied_telemetry.jsonl
8150,10.0,20,5,15,0,1.5,0.0,0,7,1,37.3,55.8,10.011593279793182,68.96000000000001,69.1,0.14966629547095409,30937907.2,53895168.0,16387807.076403387,17435852.8,41226240.0,13135460.452199798,840.4,847.0,3.4409301068170506,8717926.4,15468953.6,0.5635757030132924,0,0,0,0,0,supplied_telemetry,supplied_telemetry.jsonl
8151,10.0,7,5,2,0,0.2,0.0,0,2,0,42.0,49.8,6.173815675900925,70.08,71.1,0.6523802572120035,179693977.6,555716608.0,204911210.62140054,156705587.2,753414144.0,298371730.90369046,848.0,851.0,1.5491933384829668,78352793.6,89846988.8,0.8720692217567118,0,0,0,0,0,supplied_telemetry,supplied_telemetry.jsonl
8152,10.0,11,5,6,0,0.6,0.0,0,2,1,23.939999999999998,27.7,2.9890466707631043,69.38,70.0,0.4069397989875157,73553510.4,165654528.0,74686000.15362817,451825664.0,748732416.0,244423841.33587754,845.8,847.0,0.9797958971132713,225912832.0,36776755.2,6.14281577511221,0,0,0,0,0,supplied_telemetry,supplied_telemetry.jsonl
8153,10.0,5,5,0,0,0.0,0.0,0,0,0,15.88,21.3,3.409633411380174,70.24000000000001,70.5,0.24166091947189133,2896691.2,5447680.0,1853707.5105953906,7998668.8,19935232.0,7222321.70876414,836.8,842.0,3.4871191548325386,3999334.4,1448345.6,2.76131221719457,0,0,0,0,0,supplied_telemetry,supplied_telemetry.jsonl
8154,10.0,5,5,0,0,0.0,0.0,0,0,0,19.9,23.6,3.769350076604719,70.3,70.9,0.4774934554525343,7396556.8,28364800.0,10532162.73476536,12991692.8,25899008.0,8299231.630020467,826.2,828.0,0.9797958971132713,6495846.4,3698278.4,1.756451434267361,0,0,0,0,0,supplied_telemetry,supplied_telemetry.jsonl
8155,10.0,7,5,2,0,0.2,0.0,0,2,0,19.28,22.1,2.488694436848365,70.1,70.3,0.17888543819998412,12304384.0,43913216.0,16580520.980008801,5978521.6,11624448.0,3914220.0677792043,826.6,827.0,0.48989794855663565,2989260.8,6152192.0,0.4858854860186418,0,0,0,0,0,supplied_telemetry,supplied_telemetry.jsonl
8156,10.0,5,5,0,0,0.0,0.0,0,0,0,21.119999999999997,24.2,2.6118192893077414,70.02000000000001,71.0,0.5706137047074845,19862323.2,62529536.0,21957230.551845744,6320947.2,17088512.0,5933599.34196917,825.0,826.0,1.2649110640673518,3160473.6,9931161.6,0.3182380598861668,0,0,0,0,0,supplied_telemetry,supplied_telemetry.jsonl
8157,10.0,5,5,0,0,0.0,0.0,0,0,0,14.959999999999999,25.5,6.960919479494071,69.92,70.7,0.5268775948927811,2945843.2,6393856.0,2280561.2855202467,3284172.8,8577024.0,2835355.698738795,823.0,823.0,0.0,1642086.4,1472921.6,1.114849833147942,0,0,0,0,0,supplied_telemetry,supplied_telemetry.jsonl
8158,10.0,7,5,2,0,0.2,0.0,0,1,0,9.78,13.9,3.2993332659796586,69.44,69.6,0.1019803902718538,2516582.4,3944448.0,908505.7268692587,3117875.2,5824512.0,1934587.9342130094,824.4,825.0,0.8,1558937.6,1258291.2,1.2389322916666667,0,0,0,0,0,supplied_telemetry,supplied_telemetry.jsonl
8159,10.0,13,5,8,0,0.8,0.0,0,2,1,16.060000000000002,24.9,7.1522304213440995,69.66,70.0,0.21540659228537873,11494195.2,25116672.0,8451830.316580247,12691865.6,43835392.0,16096512.81029818,825.8,831.0,3.4871191548325386,6345932.8,5747097.6,1.1041978476231202,0,0,0,0,0,supplied_telemetry,supplied_telemetry.jsonl
8160,10.0,7,5,2,0,0.2,0.0,0,1,0,12.540000000000001,16.6,2.5200000000000005,69.98,70.3,0.21354156504062446,8749875.2,22683648.0,7111083.7076896345,4626841.6,7196672.0,1421220.1616438744,827.4,831.0,2.244994432064365,2313420.8,4374937.6,0.528789439191087,0,0,0,0,0,supplied_telemetry,supplied_telemetry.jsonl
8161,10.0,5,5,0,0,0.0,0.0,0,0,0,16.16,30.5,9.24610188133356,70.56000000000002,71.2,0.5535341001239247,5622988.8,17190912.0,6081268.947212856,4094361.6,11194368.0,3819812.506890756,824.4,825.0,0.48989794855663565,2047180.8,2811494.4,0.7281468531468532,0,0,0,0,0,supplied_telemetry,supplied_telemetry.jsonl
8162,10.0,5,5,0,0,0.0,0.0,0,0,0,9.680000000000001,11.4,1.123209686567918,70.86,71.0,0.10198039027185603,728268.8,1859584.0,596619.4850128178,4114022.4,15888384.0,5904944.299963738,823.4,824.0,0.48989794855663565,2057011.2,364134.4,5.64904386951631,0,0,0,0,0,supplied_telemetry,supplied_telemetry.jsonl
8163,10.0,6,5,1,0,0.1,0.0,0,1,0,8.179999999999998,9.7,1.69162643630324,70.86,71.2,0.17435595774162813,1551564.8,3190784.0,1170018.3670856454,1649868.8,3653632.0,1105608.6601756336,822.8,823.0,0.4000000000000001,824934.4,775782.4,1.0633579725448785,0,0,0,0,0,supplied_telemetry,supplied_telemetry.jsonl
8164,10.0,6,5,1,0,0.1,0.0,0,1,0,7.599999999999999,8.7,0.8124038404635957,70.74000000000001,70.9,0.19595917942265703,1628569.6,6828032.0,2610643.4950825134,2442854.4,5623808.0,1928257.5936161226,823.8,824.0,0.4000000000000001,1221427.2,814284.8,1.4999999999999998,0,0,0,0,0,supplied_telemetry,supplied_telemetry.jsonl
8165,10.0,5,5,0,0,0.0,0.0,0,0,0,8.5,13.8,3.9608079983760893,71.08,71.8,0.47916594202843776,2641100.8,10952704.0,4194225.119258259,6524928.0,23007232.0,8348410.488434598,823.2,824.0,0.4000000000000001,3262464.0,1320550.4,2.4705334987593055,0,0,0,0,0,supplied_telemetry,supplied_telemetry.jsonl
8166,10.0,5,5,0,0,0.0,0.0,0,0,0,9.040000000000001,12.1,2.2641554716935848,71.28,71.4,0.14696938456699238,20750336.0,66478080.0,26461207.05891182,2980249.6,11612160.0,4329936.291774538,823.0,823.0,0.0,1490124.8,10375168.0,0.1436241610738255,0,0,0,0,0,supplied_telemetry,supplied_telemetry.jsonl
8167,10.0,5,5,0,0,0.0,0.0,0,0,0,12.2,19.5,4.588245852174881,71.5,71.9,0.2280350850198296,26309427.2,60366848.0,23195666.935764827,3314483.2,5648384.0,1553900.4004826564,823.0,823.0,0.0,1657241.6,13154713.6,0.12598081952920664,0,0,0,0,0,supplied_telemetry,supplied_telemetry.jsonl
8168,10.0,6,5,1,0,0.1,0.0,0,1,0,8.92,17.2,5.686967557494943,71.34,71.6,0.19595917942265356,2333900.8,4227072.0,1684611.4528161562,4521164.8,16953344.0,6242786.36330536,823.2,824.0,0.4000000000000001,2260582.4,1166950.4,1.9371709371709371,0,0,0,0,0,supplied_telemetry,supplied_telemetry.jsonl
8169,10.0,5,5,0,0,0.0,0.0,0,0,0,10.76,16.9,3.458670264711569,71.54,73.0,0.8754427451295734,5186355.2,12054528.0,3888516.7553662616,3076096.0,6602752.0,2238932.1991599477,823.0,823.0,0.0,1538048.0,2593177.6,0.5931132522508292,0,0,0,0,0,supplied_telemetry,supplied_telemetry.jsonl
8170,10.0,6,5,1,0,0.1,0.0,0,1,0,8.5,15.7,3.9934947101504967,71.17999999999999,71.7,0.3655133376499451,28202598.4,120180736.0,46110805.938602574,5472256.0,10170368.0,2822595.177868197,823.8,824.0,0.4000000000000001,2736128.0,14101299.2,0.1940337525779185,0,0,0,0,0,supplied_telemetry,supplied_telemetry.jsonl
8171,10.0,4,4,0,0,0.0,0.0,0,0,0,5.0,5.6,0.674536878161602,71.025,71.2,0.1299038105676632,1335296.0,4182016.0,1660166.4542665593,4155392.0,14159872.0,5777149.5440239385,824.0,824.0,0.0,1662156.8,534118.4,3.111963190184049,0,0,0,0,0,supplied_telemetry,supplied_telemetry.jsonl
8172,10.0,5,5,0,0,0.0,0.0,0,0,0,5.58,8.0,1.800444389588304,71.4,72.0,0.3847076812334279,2122547.2,7647232.0,2807697.7852621106,1698201.6,3805184.0,1238349.174423692,823.8,824.0,0.4,849100.8,1061273.6,0.8000771902740255,0,0,0,0,0,supplied_telemetry,supplied_telemetry.jsonl
8173,10.0,5,5,0,0,0.0,0.0,0,0,0,5.800000000000001,8.3,1.5362291495737217,70.96000000000001,71.0,0.08000000000000114,2012774.4,5140480.0,2174976.1542749475,1494220.8,4005888.0,1269948.6662416556,822.6,823.0,0.48989794855663565,747110.4,1006387.2,0.7423687423687424,0,0,0,0,0,supplied_telemetry,supplied_telemetry.jsonl
8174,10.0,5,5,0,0,0.0,0.0,0,0,0,3.38,5.9,1.282809416865966,71.0,71.0,0.0,224460.8,905216.0,344428.5459240566,5884313.6,16379904.0,6109613.481329948,822.0,822.0,0.0,2942156.8,112230.4,26.215328467153284,0,0,0,0,0,supplied_telemetry,supplied_telemetry.jsonl
8175,10.0,5,5,0,0,0.0,0.0,0,0,0,5.42,7.6,1.900947132352712,71.38,72.1,0.4445222154178567,1005977.6,2801664.0,1020687.0388458158,1643315.2,4337664.0,1369991.441272886,822.0,822.0,0.0,821657.6,502988.8,1.6335504885993486,0,0,0,0,0,supplied_telemetry,supplied_telemetry.jsonl
8176,10.0,6,5,1,0,0.1,0.0,0,1,0,4.1,7.8,1.888915032498815,70.92,71.0,0.039999999999997725,237568.0,532480.0,175450.38021275416,1510604.8,3612672.0,1072411.963464489,822.6,823.0,0.48989794855663565,755302.4,118784.0,6.358620689655172,0,0,0,0,0,supplied_telemetry,supplied_telemetry.jsonl
8177,10.0,5,5,0,0,0.0,0.0,0,0,0,4.58,6.8,1.5803797012110727,70.92,71.0,0.039999999999997725,986316.8,3166208.0,1121590.411389541,5432115.2,21037056.0,7846643.130917639,823.0,823.0,0.0,2716057.6,493158.4,5.5074750830564785,0,0,0,0,0,supplied_telemetry,supplied_telemetry.jsonl
8178,10.0,5,5,0,0,0.0,0.0,0,0,0,7.3,8.3,1.1575836902790224,71.36,71.9,0.3498571136907191,620953.6,1253376.0,441354.97638322826,1909555.2,4640768.0,1380922.8910838433,823.0,823.0,0.0,954777.6,310476.8,3.075197889182058,0,0,0,0,0,supplied_telemetry,supplied_telemetry.jsonl
8179,10.0,5,5,0,0,0.0,0.0,0,0,0,4.86,5.7,0.8452218643646175,71.18,71.2,0.040000000000003415,359628.8,1007616.0,402062.82588391576,1580236.8,3149824.0,847986.363688096,823.0,823.0,0.0,790118.4,179814.4,4.394077448747153,0,0,0,0,0,supplied_telemetry,supplied_telemetry.jsonl
8180,10.0,5,5,0,0,0.0,0.0,0,0,0,5.76,7.0,1.1825396399275585,71.22,71.3,0.039999999999997725,897843.2,2236416.0,809705.3360343872,5082316.8,18841600.0,6945774.243397619,822.6,823.0,0.48989794855663565,2541158.4,448921.6,5.660583941605839,0,0,0,0,0,supplied_telemetry,supplied_telemetry.jsonl
8181,10.0,5,5,0,0,0.0,0.0,0,0,0,7.220000000000001,11.0,2.619465594353169,71.42,72.1,0.38678159211627333,662732.8,1613824.0,538828.1383500309,1651507.2,3260416.0,1145953.3444978292,822.0,822.0,0.0,825753.6,331366.4,2.4919653893695917,0,0,0,0,0,supplied_telemetry,supplied_telemetry.jsonl
8182,10.0,6,5,1,0,0.1,0.0,0,1,0,10.16,11.6,1.3836184445142383,70.84,71.1,0.16248076809271977,4317184.0,13975552.0,5024599.7790467655,4647321.6,10870784.0,3575439.2940724697,822.8,823.0,0.4000000000000001,2323660.8,2158592.0,1.076470588235294,0,0,0,0,0,supplied_telemetry,supplied_telemetry.jsonl
8183,10.0,10,5,5,0,0.5,0.0,0,1,1,7.44,11.2,1.9945926902503175,70.7,70.8,0.06324555320336848,1723596.8,3686400.0,1541457.97139285,3549593.6,9646080.0,3238040.3075120356,823.2,824.0,0.4,1774796.8,861798.4,2.0594106463878328,0,0,0,0,0,supplied_telemetry,supplied_telemetry.jsonl
8184,10.0,5,5,0,0,0.0,0.0,0,0,0,9.919999999999998,12.1,1.5740393895960798,71.08000000000001,71.9,0.4664761515876252,2202828.8,4653056.0,1786895.4802309396,2825420.8,5664768.0,2023557.3228951434,828.0,828.0,0.0,1412710.4,1101414.4,1.2826329490516921,0,0,0,0,0,supplied_telemetry,supplied_telemetry.jsonl
8185,10.0,5,5,0,0,0.0,0.0,0,0,0,8.3,10.0,1.1575836902790226,70.48,70.7,0.11661903789690474,5831065.6,12861440.0,4819395.861789882,1797324.8,3600384.0,1242060.6554268433,828.0,828.0,0.0,898662.4,2915532.8,0.30823264962068,0,0,0,0,0,supplied_telemetry,supplied_telemetry.jsonl
8186,10.0,5,5,0,0,0.0,0.0,0,0,0,4.98,6.4,0.8084553172563097,70.42,70.5,0.07483314773547914,502169.6,929792.0,247197.5873746344,4087808.0,12148736.0,4059025.642092151,828.0,828.0,0.0,2043904.0,251084.8,8.140293637846657,0,0,0,0,0,supplied_telemetry,supplied_telemetry.jsonl
8187,10.0,6,5,1,0,0.1,0.0,0,1,0,5.66,7.7,1.3469966592386189,70.78,71.3,0.370944739819827,705331.2,1495040.0,499788.5423346157,1336115.2,2740224.0,830175.0327342782,828.0,828.0,0.0,668057.6,352665.6,1.8943089430894309,0,0,0,0,0,supplied_telemetry,supplied_telemetry.jsonl
8188,10.0,9,5,4,0,0.4,0.0,0,4,0,12.3,22.6,6.507841424005353,70.84,71.7,0.44542114902640273,34951987.2,154939392.0,60206244.82868023,2634547.2,7655424.0,2638343.453946389,825.6,828.0,1.9595917942265426,1317273.6,17475993.6,0.07537617775277738,0,0,0,0,0,supplied_telemetry,supplied_telemetry.jsonl
8189,10.0,6,5,1,0,0.1,0.0,0,1,0,12.219999999999999,17.2,2.6194655943531684,70.62,70.8,0.15999999999999728,871628.8,3137536.0,1140173.3782386607,2754969.6,7696384.0,2633768.8959810883,826.6,827.0,0.48989794855663565,1377484.8,435814.4,3.1607142857142856,0,0,0,0,0,supplied_telemetry,supplied_telemetry.jsonl
8190,10.0,5,5,0,0,0.0,0.0,0,0,0,4.66,6.0,0.722772439983706,70.38,71.2,0.4214261501141103,181043.2,348160.0,128418.58214199377,1027276.8,2793472.0,928964.8535815335,827.0,827.0,0.0,513638.4,90521.6,5.67420814479638,0,0,0,0,0,supplied_telemetry,supplied_telemetry.jsonl
8191,10.0,5,5,0,0,0.0,0.0,0,0,0,4.659999999999999,6.1,1.1288932633336068,70.04,70.1,0.07999999999999545,18841.6,45056.0,17872.833928619155,1235353.6,3026944.0,983547.0905447487,827.0,827.0,0.0,617676.8,9420.8,65.56521739130436,0,0,0,0,0,supplied_telemetry,supplied_telemetry.jsonl
8192,10.0,5,5,0,0,0.0,0.0,0,0,0,5.3,6.3,0.9208691546577069,69.96,70.0,0.04898979485566078,1091174.4,4173824.0,1561410.2429495715,3147366.4,10293248.0,3697818.892707083,826.4,827.0,0.8,1573683.2,545587.2,2.8843843843843846,0,0,0,0,0,supplied_telemetry,supplied_telemetry.jsonl
8193,10.0,5,5,0,0,0.0,0.0,0,0,0,4.9799999999999995,7.0,1.4891608375189027,70.3,70.7,0.29664793948382884,271155.2,581632.0,191391.48969000683,1370521.6,2977792.0,897783.4023882599,825.0,825.0,0.0,685260.8,135577.6,5.054380664652568,0,0,0,0,0,supplied_telemetry,supplied_telemetry.jsonl
8194,10.0,5,5,0,0,0.0,0.0,0,0,0,6.9,8.6,1.131370849898476,70.14,70.5,0.19595917942265356,1596620.8,4313088.0,1837844.4820254408,1367244.8,3133440.0,972871.6558030458,824.8,825.0,0.4,683622.4,798310.4,0.8563365828630066,0,0,0,0,0,supplied_telemetry,supplied_telemetry.jsonl
8195,10.0,6,5,1,0,0.1,0.0,0,1,0,5.4399999999999995,7.2,1.2626955294131679,70.02000000000001,70.1,0.07483314773547457,450560.0,1409024.0,481756.4688279754,4314726.4,16371712.0,6083589.346653096,825.0,825.0,0.0,2157363.2,225280.0,9.576363636363638,0,0,0,0,0,supplied_telemetry,supplied_telemetry.jsonl
8196,10.0,5,5,0,0,0.0,0.0,0,0,0,6.82,11.1,2.4959166652755056,70.22,70.5,0.172046505340853,1705574.4,7901184.0,3101050.8433291833,1190297.6,2924544.0,898754.6206100082,825.0,825.0,0.0,595148.8,852787.2,0.6978866474543709,0,0,0,0,0,supplied_telemetry,supplied_telemetry.jsonl
8197,10.0,5,5,0,0,0.0,0.0,0,0,0,5.78,12.0,3.132028096936552,69.92,70.0,0.039999999999997725,1645772.8,4829184.0,2026154.0410421316,964198.4,2699264.0,926480.7944098139,825.0,825.0,0.0,482099.2,822886.4,0.5858636137381782,0,0,0,0,0,supplied_telemetry,supplied_telemetry.jsonl
8198,10.0,5,5,0,0,0.0,0.0,0,0,0,4.26,5.7,1.0248902380255167,69.96,70.0,0.04898979485566078,67993.6,212992.0,78728.4870872037,3092480.0,11640832.0,4375706.783501472,825.0,825.0,0.0,1546240.0,33996.8,45.48192771084337,0,0,0,0,0,supplied_telemetry,supplied_telemetry.jsonl
8199,10.0,5,5,0,0,0.0,0.0,0,0,0,5.36,6.8,1.5653753543479598,70.34,70.7,0.1854723699099146,1204224.0,3530752.0,1338894.6256944942,1376256.0,2777088.0,854143.1924467934,823.6,825.0,0.8,688128.0,602112.0,1.1428571428571428,0,0,0,0,0,supplied_telemetry,supplied_telemetry.jsonl
8200,10.0,6,5,1,0,0.1,0.0,0,1,0,7.540000000000001,11.0,1.8304097901836083,70.1,70.2,0.08944271909999287,632422.4,1982464.0,779552.2006879591,1677721.6,3223552.0,1116685.8926967063,823.6,824.0,0.48989794855663565,838860.8,316211.2,2.6528497409326426,0,0,0,0,0,supplied_telemetry,supplied_telemetry.jsonl
8201,10.0,5,5,0,0,0.0,0.0,0,0,0,9.76,12.0,1.8391302292116238,70.44,71.1,0.40298883359219556,2587852.8,10743808.0,4112744.1384935384,3024486.4,12636160.0,4811410.366461527,823.2,824.0,0.9797958971132713,1512243.2,1293926.4,1.168724279835391,0,0,0,0,0,supplied_telemetry,supplied_telemetry.jsonl
8202,10.0,5,5,0,0,0.0,0.0,0,0,0,8.24,11.1,2.115277759538922,71.0,71.4,0.24494897427831896,783974.4,3321856.0,1271187.7763681652,1190297.6,3432448.0,1158534.1769628723,822.0,822.0,0.0,595148.8,391987.2,1.5182863113897598,0,0,0,0,0,supplied_telemetry,supplied_telemetry.jsonl
8203,10.0,5,5,0,0,0.0,0.0,0,0,0,11.360000000000001,19.9,5.591994277536413,70.94000000000001,71.4,0.38262252939418184,4018176.0,8269824.0,3494618.288976809,4357324.8,14094336.0,5138439.689177188,822.0,822.0,0.0,2178662.4,2009088.0,1.0844036697247705,0,0,0,0,0,supplied_telemetry,supplied_telemetry.jsonl
8204,10.0,5,5,0,0,0.0,0.0,0,0,0,11.599999999999998,25.1,7.5683551713698005,70.5,71.1,0.3286335345030983,30282547.2,97816576.0,37372270.62701357,4463820.8,12226560.0,4594030.507073212,821.6,822.0,0.48989794855663565,2231910.4,15141273.6,0.14740572417897527,0,0,0,0,0,supplied_telemetry,supplied_telemetry.jsonl
8205,10.0,6,5,1,0,0.1,0.0,0,1,0,5.36,6.8,0.9414881836751855,70.74000000000001,71.0,0.1854723699099158,2424832.0,6438912.0,2753153.144376535,1842380.8,3690496.0,1248782.740642807,821.8,822.0,0.4000000000000001,921190.4,1212416.0,0.7597972972972973,0,0,0,0,0,supplied_telemetry,supplied_telemetry.jsonl
8206,10.0,6,5,1,0,0.1,0.0,0,1,0,6.260000000000001,10.0,2.5255494451702982,70.38,70.4,0.040000000000003415,1839923.2,3248128.0,1350844.1575687998,1974272.0,3780608.0,1164368.242089761,822.8,823.0,0.4000000000000001,987136.0,919961.6,1.0730186999109528,0,0,0,0,0,supplied_telemetry,supplied_telemetry.jsonl
8207,10.0,5,5,0,0,0.0,0.0,0,0,0,5.540000000000001,7.7,1.6596385148579795,70.5,70.6,0.06324555320336399,827392.0,2957312.0,1087967.3037910652,5724569.6,23339008.0,8855224.086583773,823.0,823.0,0.0,2862284.8,413696.0,6.918811881188119,0,0,0,0,0,supplied_telemetry,supplied_telemetry.jsonl
8208,10.0,5,5,0,0,0.0,0.0,0,0,0,10.02,14.9,3.2504768880888846,70.9,71.3,0.2607680962081053,4637491.2,8417280.0,3285446.9207197,4482662.4,10047488.0,3235869.6569780186,823.0,823.0,0.0,2241331.2,2318745.6,0.9666136724960255,0,0,0,0,0,supplied_telemetry,supplied_telemetry.jsonl
8209,10.0,5,5,0,0,0.0,0.0,0,0,0,9.94,11.2,0.8284926070883188,70.6,71.0,0.4049691346263298,241664.0,425984.0,154153.32867765133,5170790.4,15994880.0,5646681.244954619,823.0,823.0,0.0,2585395.2,120832.0,21.396610169491527,0,0,0,0,0,supplied_telemetry,supplied_telemetry.jsonl
8210,10.0,5,5,0,0,0.0,0.0,0,0,0,10.219999999999999,11.5,1.3105723940324698,70.74000000000001,70.9,0.18547236990991364,1841561.6,2891776.0,966470.6208686532,5949849.6,13692928.0,4768308.116730109,822.2,823.0,0.4000000000000001,2974924.8,920780.8,3.230871886120996,0,0,0,0,0,supplied_telemetry,supplied_telemetry.jsonl
8211,10.0,5,5,0,0,0.0,0.0,0,0,0,7.959999999999999,14.3,3.3314261210478615,70.72,71.2,0.2925747767665579,1209958.4,2551808.0,812539.8639844324,3765862.4,6668288.0,1643039.5238359424,821.2,822.0,0.9797958971132713,1882931.2,604979.2,3.112389979688558,0,0,0,0,0,supplied_telemetry,supplied_telemetry.jsonl
8212,10.0,6,5,1,0,0.1,0.0,0,1,0,8.639999999999999,9.7,1.0983624174196784,71.16,71.6,0.26532998322843104,2421555.2,6283264.0,2131752.0145734022,3783884.8,9265152.0,3053511.71038661,820.8,821.0,0.4000000000000001,1891942.4,1210777.6,1.5625845737483084,0,0,0,0,0,supplied_telemetry,supplied_telemetry.jsonl
8213,10.0,5,5,0,0,0.0,0.0,0,0,0,6.839999999999999,9.0,1.9293522228976234,70.88,71.2,0.31874754901018554,366182.4,1060864.0,360407.03767246276,4163174.4,9449472.0,3726052.2913926793,821.0,821.0,0.0,2081587.2,183091.2,11.369127516778523,0,0,0,0,0,supplied_telemetry,supplied_telemetry.jsonl
8214,10.0,5,5,0,0,0.0,0.0,0,0,0,7.38,10.7,1.741723284566179,71.24,71.4,0.17435595774162518,35893248.0,175575040.0,69845842.27753617,2069299.2,3371008.0,1001896.6710231949,821.0,821.0,0.0,1034649.6,17946624.0,0.05765148921602191,0,0,0,0,0,supplied_telemetry,supplied_telemetry.jsonl
8215,10.0,5,5,0,0,0.0,0.0,0,0,0,9.0,9.7,1.0099504938362078,71.32000000000001,71.6,0.36551333764993843,185139.2,425984.0,126576.34135714304,3180134.4,8122368.0,3002054.0500521036,821.0,821.0,0.0,1590067.2,92569.6,17.176991150442475,0,0,0,0,0,supplied_telemetry,supplied_telemetry.jsonl
8216,10.0,5,5,0,0,0.0,0.0,0,0,0,6.5600000000000005,9.2,1.7715529910222838,71.46000000000001,71.7,0.14966629547095978,582451.2,2453504.0,936046.325576336,2428108.8,6307840.0,2344869.5285254912,820.4,821.0,0.48989794855663565,1214054.4,291225.6,4.168776371308017,0,0,0,0,0,supplied_telemetry,supplied_telemetry.jsonl
8217,10.0,5,5,0,0,0.0,0.0,0,0,0,4.94,7.0,1.4008568806269968,71.28,71.5,0.172046505340853,277708.8,1286144.0,505018.03047035856,1225523.2,3133440.0,1025386.4585129648,820.0,820.0,0.0,612761.6,138854.4,4.412979351032448,0,0,0,0,0,supplied_telemetry,supplied_telemetry.jsonl
8218,10.0,5,5,0,0,0.0,0.0,0,0,0,3.6599999999999993,4.9,0.9308061022576077,71.03999999999999,71.4,0.2576819745345055,111411.2,401408.0,146758.02810122518,942080.0,3088384.0,1078351.6415032714,820.0,820.0,0.0,471040.0,55705.6,8.455882352941178,0,0,0,0,0,supplied_telemetry,supplied_telemetry.jsonl
8219,10.0,5,5,0,0,0.0,0.0,0,0,0,5.0,9.2,2.2934689882359427,71.30000000000001,71.4,0.06324555320336848,68812.8,131072.0,35273.19575201544,3468492.8,7610368.0,3095309.4484928255,820.0,820.0,0.0,1734246.4,34406.4,50.4047619047619,0,0,0,0,0,supplied_telemetry,supplied_telemetry.jsonl
8220,10.0,5,5,0,0,0.0,0.0,0,0,0,4.52,6.6,1.154816002660164,71.26,71.4,0.14966629547095942,355532.8,1585152.0,616425.0020959241,1505689.6,3268608.0,1150153.8826173826,820.0,820.0,0.0,752844.8,177766.4,4.235023041474655,0,0,0,0,0,supplied_telemetry,supplied_telemetry.jsonl
8221,10.0,5,5,0,0,0.0,0.0,0,0,0,4.94,5.8,0.5748043145279966,71.38,71.4,0.040000000000003415,104038.4,172032.0,51263.857777580495,2491187.2,9043968.0,3354137.74605292,820.0,820.0,0.0,1245593.6,52019.2,23.94488188976378,0,0,0,0,0,supplied_telemetry,supplied_telemetry.jsonl
8222,10.0,5,5,0,0,0.0,0.0,0,0,0,4.720000000000001,5.8,0.7440430095095308,71.28,71.3,0.039999999999997725,692224.0,2420736.0,891623.0905507102,3097395.2,6197248.0,1826447.5065120705,820.0,820.0,0.0,1548697.6,346112.0,4.474556213017752,0,0,0,0,0,supplied_telemetry,supplied_telemetry.jsonl
8223,10.0,5,5,0,0,0.0,0.0,0,0,0,4.86,6.7,0.9931767214348111,71.48,71.9,0.28565713714171764,45056.0,86016.0,24301.39920251507,1294336.0,3194880.0,1108871.2503052824,820.0,820.0,0.0,647168.0,22528.0,28.727272727272727,0,0,0,0,0,supplied_telemetry,supplied_telemetry.jsonl
8224,10.0,5,4,1,0,0.1,0.0,0,1,0,4.425,5.0,0.6098155458825234,71.17500000000001,71.3,0.16393596310754666,1352704.0,2531328.0,1151756.945026163,2670592.0,8388608.0,3355860.324073098,820.75,821.0,0.4330127018922193,1068236.8,541081.6,1.9742619227857685,0,0,0,0,0,supplied_telemetry,supplied_telemetry.jsonl
8225,10.0,5,5,0,0,0.0,0.0,0,0,0,4.88,7.2,1.2221292893961753,71.16,71.2,0.08000000000000114,227737.6,991232.0,382256.66262217064,2076672.0,7929856.0,2956617.5273219226,821.4,823.0,0.8,1038336.0,113868.8,9.118705035971223,0,0,0,0,0,supplied_telemetry,supplied_telemetry.jsonl
8226,10.0,5,5,0,0,0.0,0.0,0,0,0,7.0,9.6,1.5059880477613359,71.32,71.8,0.27129319932500956,131891.2,294912.0,94595.43290117128,1368883.2,3006464.0,1230482.0317164164,821.0,821.0,0.0,684441.6,65945.6,10.378881987577639,0,0,0,0,0,supplied_telemetry,supplied_telemetry.jsonl
8227,10.0,5,5,0,0,0.0,0.0,0,0,0,10.919999999999998,12.6,1.7497428382479523,70.94,71.2,0.14966629547095942,324403.2,798720.0,300104.6148304954,5034803.2,17432576.0,6348798.09734165,821.0,821.0,0.0,2517401.6,162201.6,15.52020202020202,0,0,0,0,0,supplied_telemetry,supplied_telemetry.jsonl
8228,10.0,5,5,0,0,0.0,0.0,0,0,0,5.4399999999999995,10.4,2.5679563859224714,71.0,71.2,0.16733200530681408,76185.6,163840.0,50071.820009262694,1574502.4,4374528.0,1624237.4896490476,820.6,821.0,0.48989794855663565,787251.2,38092.8,20.666666666666664,0,0,0,0,0,supplied_telemetry,supplied_telemetry.jsonl
8229,10.0,5,5,0,0,0.0,0.0,0,0,0,8.9,12.7,1.9889695824722908,71.2,72.7,0.8074651695274548,1808793.6,4587520.0,1633449.878864436,1539276.8,3256320.0,1052005.2724381946,820.0,820.0,0.0,769638.4,904396.8,0.8509963768115942,0,0,0,0,0,supplied_telemetry,supplied_telemetry.jsonl
8230,10.0,8,5,3,0,0.3,0.0,0,3,0,10.360000000000001,18.6,4.7722531366221554,71.34,72.1,0.7391887445030508,45803929.6,179720192.0,67815037.56623025,2126643.2,4698112.0,1807784.1589081811,820.4,821.0,0.48989794855663565,1063321.6,22901964.8,0.04642927405075743,0,0,0,0,0,supplied_telemetry,supplied_telemetry.jsonl
8231,10.0,5,5,0,0,0.0,0.0,0,0,0,9.08,18.4,4.691865300709303,70.72,71.3,0.33704599092705395,2597683.2,12140544.0,4772734.28571214,2537062.4,5267456.0,1746092.8522528922,821.4,822.0,0.48989794855663565,1268531.2,1298841.6,0.976663513087354,0,0,0,0,0,supplied_telemetry,supplied_telemetry.jsonl
8232,10.0,6,5,1,0,0.1,0.0,0,1,0,7.5200000000000005,12.3,2.4408195345006565,71.56,72.3,0.649923072370875,2109440.0,6086656.0,2192957.2407045243,2899968.0,8609792.0,3129651.7209959324,822.0,822.0,0.0,1449984.0,1054720.0,1.3747572815533982,0,0,0,0,0,supplied_telemetry,supplied_telemetry.jsonl
8233,10.0,5,5,0,0,0.0,0.0,0,0,0,8.440000000000001,11.2,1.645113977814303,71.7,72.4,0.3521363372331828,792166.4,2842624.0,1035475.280992376,2966323.2,7446528.0,2442074.0848967214,822.0,822.0,0.0,1483161.6,396083.2,3.7445708376421925,0,0,0,0,0,supplied_telemetry,supplied_telemetry.jsonl
8234,10.0,7,5,2,0,0.2,0.0,0,2,0,7.220000000000001,10.2,1.882976367350371,71.34,71.6,0.2059126028197388,23911628.8,118620160.0,47354732.36795498,3757670.4,6590464.0,2575527.018552405,822.0,822.0,0.0,1878835.2,11955814.4,0.15714824077563463,0,0,0,0,0,supplied_telemetry,supplied_telemetry.jsonl
8235,10.0,5,5,0,0,0.0,0.0,0,0,0,15.6,22.0,5.5313651117965446,71.74000000000001,72.5,0.4498888751680794,23502848.0,62803968.0,21909182.305808056,84127744.0,127229952.0,44777118.750454396,821.6,822.0,0.48989794855663565,42063872.0,11751424.0,3.5794701986754967,0,0,0,0,0,supplied_telemetry,supplied_telemetry.jsonl
8236,10.0,6,5,1,0,0.1,0.0,0,1,0,8.08,9.8,1.1822013364905324,71.42,71.7,0.16000000000000228,2449408.0,9990144.0,3774577.2328104773,5870387.2,22609920.0,8497207.985392813,821.6,822.0,0.48989794855663565,2935193.6,1224704.0,2.396655518394649,0,0,0,0,0,supplied_telemetry,supplied_telemetry.jsonl
8237,10.0,5,5,0,0,0.0,0.0,0,0,0,5.9,7.9,1.5139352694220451,71.5,71.8,0.17888543819998096,206438.4,380928.0,130779.83437457014,1363968.0,2998272.0,1332685.0744016008,822.0,822.0,0.0,681984.0,103219.2,6.607142857142858,0,0,0,0,0,supplied_telemetry,supplied_telemetry.jsonl
8238,10.0,5,5,0,0,0.0,0.0,0,0,0,3.44,4.2,0.7391887445030532,71.38,71.9,0.3249615361854388,204800.0,466944.0,148860.15884984133,702873.6,2912256.0,1110783.8477805841,822.0,822.0,0.0,351436.8,102400.0,3.432,0,0,0,0,0,supplied_telemetry,supplied_telemetry.jsonl
8239,10.0,5,5,0,0,0.0,0.0,0,0,0,4.7,5.7,1.188276062201036,71.52000000000001,72.8,0.6794115100585189,173670.4,376832.0,132234.20738916236,987136.0,3772416.0,1402567.5330849492,821.2,822.0,0.4000000000000001,493568.0,86835.2,5.683962264150944,0,0,0,0,0,supplied_telemetry,supplied_telemetry.jsonl
8240,10.0,6,5,1,0,0.1,0.0,0,1,0,8.36,12.9,2.691170748949238,71.14,71.8,0.44542114902640245,1224704.0,2535424.0,1033897.2580600067,1669529.6,4190208.0,1626830.1374451607,820.6,821.0,0.48989794855663565,834764.8,612352.0,1.3632107023411373,0,0,0,0,0,supplied_telemetry,supplied_telemetry.jsonl
8241,10.0,6,5,1,0,0.1,0.0,0,1,0,7.860000000000001,11.5,2.3431602591372194,71.67999999999999,72.9,0.8423775875461098,480870.4,1372160.0,512550.8614237615,1919385.6,5861376.0,2164280.19935549,820.6,821.0,0.48989794855663565,959692.8,240435.2,3.991482112436116,0,0,0,0,0,supplied_telemetry,supplied_telemetry.jsonl
8242,10.0,5,5,0,0,0.0,0.0,0,0,0,9.86,14.1,3.4377899877683045,71.1,71.5,0.22803508501982833,2460057.6,7372800.0,3008488.5503783193,1941504.0,3796992.0,1316013.6302564652,821.0,821.0,0.0,970752.0,1230028.8,0.7892107892107891,0,0,0,0,0,supplied_telemetry,supplied_telemetry.jsonl
8243,10.0,5,5,0,0,0.0,0.0,0,0,0,7.780000000000001,13.6,3.012905574358413,71.13999999999999,72.1,0.5499090833947011,230195.2,512000.0,162965.21665484324,1878425.6,3899392.0,1576400.5041757124,821.0,821.0,0.0,939212.8,115097.6,8.160142348754448,0,0,0,0,0,supplied_telemetry,supplied_telemetry.jsonl
8244,10.0,5,5,0,0,0.0,0.0,0,0,0,7.38,11.5,2.417767565337909,70.94,71.8,0.4363484845854284,552960.0,2052096.0,750500.7704449077,1389363.2,3317760.0,1302343.538133376,821.0,821.0,0.0,694681.6,276480.0,2.5125925925925925,0,0,0,0,0,supplied_telemetry,supplied_telemetry.jsonl
8245,10.0,5,5,0,0,0.0,0.0,0,0,0,7.2,9.3,1.914157778240864,70.75999999999999,70.9,0.10198039027185826,77824.0,135168.0,51027.67801105592,729088.0,2371584.0,869977.2865301714,820.2,821.0,0.4000000000000001,364544.0,38912.0,9.368421052631579,0,0,0,0,0,supplied_telemetry,supplied_telemetry.jsonl
8246,10.0,5,5,0,0,0.0,0.0,0,0,0,8.66,10.4,1.0423051376636308,70.84,70.9,0.08000000000000185,529203.2,1490944.0,531593.2653562872,1543372.8,4251648.0,1562262.726468042,820.0,820.0,0.0,771686.4,264601.6,2.9164086687306505,0,0,0,0,0,supplied_telemetry,supplied_telemetry.jsonl
8247,10.0,5,5,0,0,0.0,0.0,0,0,0,7.840000000000001,12.3,2.446712079505883,71.25999999999999,72.1,0.45869379764718604,539033.6,1540096.0,506757.146485612,853606.4,2371584.0,807515.1548798573,820.0,820.0,0.0,426803.2,269516.8,1.5835866261398177,0,0,0,0,0,supplied_telemetry,supplied_telemetry.jsonl
8248,10.0,6,5,1,0,0.1,0.0,0,1,0,7.9799999999999995,10.1,1.445544879967412,71.32000000000001,71.4,0.07483314773548065,824115.2,2629632.0,936483.5565912303,842956.8,2547712.0,886609.0750337265,820.2,821.0,0.4,421478.4,412057.6,1.0228628230616303,0,0,0,0,0,supplied_telemetry,supplied_telemetry.jsonl
8249,10.0,5,5,0,0,0.0,0.0,0,0,0,8.900000000000002,11.3,2.125088233462319,71.16,71.2,0.04898979485566774,95027.2,258048.0,87826.49274655113,991232.0,2363392.0,983186.762377932,820.0,820.0,0.0,495616.0,47513.6,10.431034482758621,0,0,0,0,0,supplied_telemetry,supplied_telemetry.jsonl
8250,10.0,5,5,0,0,0.0,0.0,0,0,0,9.2,11.3,1.3431306712304656,71.16,71.8,0.349857113690717,133529.6,221184.0,73069.7011068199,785612.8,2367488.0,825700.7729133841,820.0,820.0,0.0,392806.4,66764.8,5.883435582822086,0,0,0,0,0,supplied_telemetry,supplied_telemetry.jsonl
8251,10.0,5,5,0,0,0.0,0.0,0,0,0,8.42,10.1,1.5714961024450553,71.04,71.1,0.07999999999999545,86016.0,196608.0,59413.182429491186,702054.4,2359296.0,846811.1252914903,820.0,820.0,0.0,351027.2,43008.0,8.161904761904761,0,0,0,0,0,supplied_telemetry,supplied_telemetry.jsonl
8252,10.0,5,5,0,0,0.0,0.0,0,0,0,8.559999999999999,10.7,1.8423897524682444,71.0,71.1,0.08944271909998651,27852.8,49152.0,17835.246433957676,1078067.2,2478080.0,1111957.7101322515,819.6,820.0,0.48989794855663565,539033.6,13926.4,38.705882352941174,0,0,0,0,0,supplied_telemetry,supplied_telemetry.jsonl
8253,10.0,5,5,0,0,0.0,0.0,0,0,0,9.14,13.5,3.041447024033133,71.18,71.8,0.3249615361854364,148275.2,618496.0,237192.0003831495,702873.6,2359296.0,841656.142528907,819.0,819.0,0.0,351436.8,74137.6,4.740331491712706,0,0,0,0,0,supplied_telemetry,supplied_telemetry.jsonl
8254,10.0,7,5,2,0,0.2,0.0,0,2,0,6.9,10.2,2.3306651411131543,71.04,71.2,0.11999999999999696,127795.2,483328.0,179223.2871726216,791347.2,2392064.0,839843.4244868266,819.0,819.0,0.0,395673.6,63897.6,6.1923076923076925,0,0,0,0,0,supplied_telemetry,supplied_telemetry.jsonl
8255,10.0,5,5,0,0,0.0,0.0,0,0,0,6.040000000000001,6.4,0.30066592756745825,70.92,71.0,0.07483314773547912,76185.6,151552.0,58879.91095645441,1170636.8,5066752.0,1962313.875566944,819.0,819.0,0.0,585318.4,38092.8,15.365591397849462,0,0,0,0,0,supplied_telemetry,supplied_telemetry.jsonl
8256,10.0,5,5,0,0,0.0,0.0,0,0,0,6.18,7.8,1.1070682002478438,70.86,71.4,0.3322649545167231,1340211.2,6569984.0,2614956.9754886907,1609728.0,4341760.0,1719906.4493405449,819.0,819.0,0.0,804864.0,670105.6,1.2011002444987775,0,0,0,0,0,supplied_telemetry,supplied_telemetry.jsonl
8257,10.0,5,5,0,0,0.0,0.0,0,0,0,7.779999999999999,12.4,3.0195363882556543,71.05999999999999,71.1,0.04898979485566078,383385.6,1323008.0,474426.43845114706,613580.8,2748416.0,1070852.64997317,819.0,819.0,0.0,306790.4,191692.8,1.6004273504273507,0,0,0,0,0,supplied_telemetry,supplied_telemetry.jsonl
8258,10.0,5,5,0,0,0.0,0.0,0,0,0,7.399999999999999,11.2,2.68700576850888,71.04,71.1,0.04898979485566078,68812.8,163840.0,56185.41592406343,1035468.8,4390912.0,1687586.5969269134,819.0,819.0,0.0,517734.4,34406.4,15.047619047619047,0,0,0,0,0,supplied_telemetry,supplied_telemetry.jsonl
8259,10.0,5,5,0,0,0.0,0.0,0,0,0,8.38,17.0,4.433238094215107,71.08000000000001,71.4,0.23151673805580536,2795929.6,12288000.0,4762056.598426256,1073971.2,2711552.0,1000824.3880718335,819.0,819.0,0.0,536985.6,1397964.8,0.38411954292411365,0,0,0,0,0,supplied_telemetry,supplied_telemetry.jsonl
8260,10.0,6,5,1,0,0.1,0.0,0,1,0,7.159999999999999,8.8,1.055651457631732,71.20000000000002,71.7,0.31622776601684066,848691.2,2650112.0,934467.7274304127,1011712.0,2859008.0,1204889.7642629386,819.6,820.0,0.48989794855663565,505856.0,424345.6,1.1920849420849422,0,0,0,0,0,supplied_telemetry,supplied_telemetry.jsonl
8261,10.0,5,5,0,0,0.0,0.0,0,0,0,6.58,8.7,1.5157836257197133,71.05999999999999,71.2,0.13564659966250603,1162444.8,3997696.0,1451363.487519567,1263206.4,5017600.0,1893604.500478978,820.0,820.0,0.0,631603.2,581222.4,1.0866807610993656,0,0,0,0,0,supplied_telemetry,supplied_telemetry.jsonl
8262,10.0,5,5,0,0,0.0,0.0,0,0,0,6.5600000000000005,11.3,2.592759148089155,70.97999999999999,71.5,0.3544009029333845,443187.2,1159168.0,391654.7137458708,1043660.8,2658304.0,958853.9159021878,820.0,820.0,0.0,521830.4,221593.6,2.354898336414048,0,0,0,0,0,supplied_telemetry,supplied_telemetry.jsonl
8263,10.0,5,5,0,0,0.0,0.0,0,0,0,10.059999999999999,14.0,2.2481992794234236,71.25999999999999,73.1,1.0111379727811611,2455142.4,6553600.0,2191203.9636409567,1057587.2,3383296.0,1186781.3478288914,820.0,820.0,0.0,528793.6,1227571.2,0.4307640974307641,0,0,0,0,0,supplied_telemetry,supplied_telemetry.jsonl
8264,10.0,5,5,0,0,0.0,0.0,0,0,0,12.9,18.3,4.322961947554014,72.1,73.0,0.5059644256269423,38064128.0,175124480.0,68555494.22926158,3250585.6,9854976.0,3590308.4671056108,819.4,820.0,0.48989794855663565,1625292.8,19032064.0,0.0853976111051329,0,0,0,0,0,supplied_telemetry,supplied_telemetry.jsonl
8265,10.0,5,5,0,0,0.0,0.0,0,0,0,6.760000000000001,11.1,2.8492806109613,71.72,71.9,0.14696938456699238,571801.6,1490944.0,539694.2820381183,830668.8,2846720.0,1048606.079568567,819.0,819.0,0.0,415334.4,285900.8,1.4527220630372495,0,0,0,0,0,supplied_telemetry,supplied_telemetry.jsonl
8266,10.0,4,4,0,0,0.0,0.0,0,0,0,8.15,9.3,1.4361406616345072,71.725,72.0,0.16393596310755207,144384.0,421888.0,160225.7351613654,986112.0,2936832.0,1175460.5678728658,819.0,819.0,0.0,394444.8,57753.6,6.829787234042553,0,0,0,0,0,supplied_telemetry,supplied_telemetry.jsonl
8267,10.0,5,5,0,0,0.0,0.0,0,0,0,7.080000000000001,11.8,3.4925062634160016,71.64000000000001,72.4,0.431740662898461,2666496.0,12906496.0,5120507.22351542,2776268.8,10387456.0,3895341.568271845,819.0,819.0,0.0,1388134.4,1333248.0,1.0411674347158217,0,0,0,0,0,supplied_telemetry,supplied_telemetry.jsonl
8268,10.0,18,5,13,0,1.3,0.0,0,10,1,13.459999999999999,16.3,1.5499677415998057,72.11999999999999,73.6,0.808455317256308,15506636.8,63275008.0,23986732.674633205,1230438.4,4104192.0,1482436.506545842,824.2,833.0,5.3814496188294845,615219.2,7753318.4,0.07934914681177029,0,0,0,0,0,supplied_telemetry,supplied_telemetry.jsonl
8269,10.0,8,5,3,0,0.3,0.0,0,1,0,7.74,12.4,3.7065347698355673,71.74,72.1,0.2870540018881464,3835494.4,10764288.0,3760392.6690294244,1998028.8,3219456.0,1057584.979083648,833.4,834.0,1.2,999014.4,1917747.2,0.520931225971807,0,0,0,0,0,supplied_telemetry,supplied_telemetry.jsonl
8270,10.0,13,5,8,0,0.8,0.0,0,6,1,7.3199999999999985,9.6,1.929144888285999,71.97999999999999,72.2,0.15999999999999978,1672806.4,5136384.0,1967507.2792653753,2230681.6,7184384.0,2716679.650075923,841.4,842.0,1.2,1115340.8,836403.2,1.333496571988247,0,0,0,0,0,supplied_telemetry,supplied_telemetry.jsonl
8271,10.0,5,5,0,0,0.0,0.0,0,0,0,6.760000000000001,9.0,1.5882065356873458,72.38000000000001,72.9,0.2925747767665583,589004.8,1318912.0,460601.7109366399,1072332.8,2932736.0,1092938.067782873,841.2,842.0,0.9797958971132713,536166.4,294502.4,1.8205841446453408,0,0,0,0,0,supplied_telemetry,supplied_telemetry.jsonl
8272,10.0,5,5,0,0,0.0,0.0,0,0,0,8.3,11.7,2.2262075374951005,71.5,71.7,0.16733200530681408,910950.4,2756608.0,943448.8503938303,2038988.8,5455872.0,2028615.115320834,840.0,840.0,0.0,1019494.4,455475.2,2.2383093525179856,0,0,0,0,0,supplied_telemetry,supplied_telemetry.jsonl
8273,10.0,5,5,0,0,0.0,0.0,0,0,0,9.399999999999999,10.7,1.104536101718726,71.83999999999999,72.4,0.3006659275674621,308838.4,585728.0,174868.02157695958,1543372.8,6983680.0,2730689.139960856,838.8,840.0,0.9797958971132713,771686.4,154419.2,4.9973474801061,0,0,0,0,0,supplied_telemetry,supplied_telemetry.jsonl
8274,10.0,5,5,0,0,0.0,0.0,0,0,0,14.559999999999999,19.7,4.216443999390956,72.0,72.7,0.42895221179054516,743833.6,2490368.0,896972.0036071582,1304166.4,2760704.0,827341.7109469582,837.4,838.0,0.48989794855663565,652083.2,371916.8,1.753303964757709,0,0,0,0,0,supplied_telemetry,supplied_telemetry.jsonl
8275,10.0,5,5,0,0,0.0,0.0,0,0,0,7.360000000000001,11.5,2.702295320648726,71.58,71.8,0.23999999999999747,240844.8,409600.0,104312.18149842329,765132.8,2838528.0,1064617.7714733868,837.0,837.0,0.0,382566.4,120422.4,3.17687074829932,0,0,0,0,0,supplied_telemetry,supplied_telemetry.jsonl
8276,10.0,5,5,0,0,0.0,0.0,0,0,0,9.02,12.1,1.8399999999999999,71.08,71.2,0.19390719429665296,177766.4,425984.0,146945.39149166943,1065779.2,4894720.0,1919479.125677005,836.6,837.0,0.48989794855663565,532889.6,88883.2,5.9953917050691246,0,0,0,0,0,supplied_telemetry,supplied_telemetry.jsonl
8277,10.0,5,5,0,0,0.0,0.0,0,0,0,3.1800000000000006,3.7,0.3969886648255842,70.86000000000001,71.5,0.36110940170535427,487424.0,1548288.0,585748.0500064853,734822.4,2842624.0,1063154.969994798,836.0,836.0,0.0,367411.2,243712.0,1.507563025210084,0,0,0,0,0,supplied_telemetry,supplied_telemetry.jsonl
8278,10.0,5,5,0,0,0.0,0.0,0,0,0,2.9,3.5,0.3286335345030996,70.26,70.4,0.08000000000000042,592281.6,2641920.0,1025678.3123224552,678297.6,2744320.0,1041990.842289432,836.0,836.0,0.0,339148.8,296140.8,1.1452282157676348,0,0,0,0,0,supplied_telemetry,supplied_telemetry.jsonl
8279,10.0,5,5,0,0,0.0,0.0,0,0,0,2.12,2.6,0.38678159211627433,70.28,70.3,0.039999999999997725,277708.8,679936.0,221402.34556155902,1158348.8,4825088.0,1846178.3893739413,836.2,837.0,0.4,579174.4,138854.4,4.171091445427729,0,0,0,0,0,supplied_telemetry,supplied_telemetry.jsonl
8280,10.0,5,5,0,0,0.0,0.0,0,0,0,2.02,2.4,0.3187475490101845,70.7,71.1,0.3033150177620607,201523.2,376832.0,110679.95317382457,668467.2,2547712.0,954082.8195376751,835.8,836.0,0.4,334233.6,100761.6,3.3170731707317067,0,0,0,0,0,supplied_telemetry,supplied_telemetry.jsonl
8281,10.0,5,5,0,0,0.0,0.0,0,0,0,1.7600000000000002,2.0,0.22449944320643653,70.32000000000001,70.4,0.040000000000003415,92569.6,372736.0,141998.3425165238,687308.8,2691072.0,1017245.2078051585,835.0,835.0,0.0,343654.4,46284.8,7.424778761061947,0,0,0,0,0,supplied_telemetry,supplied_telemetry.jsonl
8282,10.0,5,5,0,0,0.0,0.0,0,0,0,2.06,2.6,0.440908153700972,70.25999999999999,70.3,0.04898979485566078,27852.8,94208.0,33716.82304369734,996147.2,4182016.0,1601349.3120858297,835.0,835.0,0.0,498073.6,13926.4,35.76470588235294,0,0,0,0,0,supplied_telemetry,supplied_telemetry.jsonl
8283,10.0,5,5,0,0,0.0,0.0,0,0,0,2.4200000000000004,3.6,0.7110555533852472,70.52000000000001,71.0,0.31874754901018426,49971.2,90112.0,32808.93443195009,646348.8,2715648.0,1048228.422393211,833.4,835.0,1.9595917942265424,323174.4,24985.6,12.934426229508198,0,0,0,0,0,supplied_telemetry,supplied_telemetry.jsonl
8284,10.0,6,5,1,0,0.1,0.0,0,1,0,4.58,6.0,1.26554336156451,70.94000000000001,71.2,0.24166091947189158,2224947.2,10219520.0,4008029.5769147407,765952.0,2826240.0,1039519.2878926297,831.6,832.0,0.48989794855663565,382976.0,1112473.6,0.3442562592047128,0,0,0,0,0,supplied_telemetry,supplied_telemetry.jsonl
8285,10.0,5,5,0,0,0.0,0.0,0,0,0,3.56,5.3,1.1164228589562288,70.97999999999999,71.1,0.1469693845669893,26214.4,81920.0,30717.26921195958,1087078.4,2555904.0,1125479.4388130954,832.0,832.0,0.0,543539.2,13107.2,41.46874999999999,0,0,0,0,0,supplied_telemetry,supplied_telemetry.jsonl
8286,10.0,5,5,0,0,0.0,0.0,0,0,0,7.4799999999999995,8.9,0.9516301802696256,71.54,72.3,0.3929376540877684,61440.0,126976.0,42959.21042104941,721715.2,2551808.0,939417.0419008589,832.0,832.0,0.0,360857.6,30720.0,11.746666666666666,0,0,0,0,0,supplied_telemetry,supplied_telemetry.jsonl
8287,10.0,5,5,0,0,0.0,0.0,0,0,0,6.119999999999999,7.1,0.8681013765684281,71.35999999999999,71.6,0.24979991993593287,22937.6,77824.0,28916.715675193816,720076.8,2838528.0,1089968.3040100571,832.0,832.0,0.0,360038.4,11468.8,31.392857142857146,0,0,0,0,0,supplied_telemetry,supplied_telemetry.jsonl
8288,10.0,5,5,0,0,0.0,0.0,0,0,0,4.3,6.6,1.2946041866145805,71.24,71.5,0.2154065922853798,74547.2,196608.0,66773.59451280124,1169817.6,2625536.0,1168543.9340843973,831.6,832.0,0.48989794855663565,584908.8,37273.6,15.692307692307693,0,0,0,0,0,supplied_telemetry,supplied_telemetry.jsonl
8289,10.0,5,5,0,0,0.0,0.0,0,0,0,4.54,6.0,0.8475848040166836,71.64,72.3,0.35552777669262237,74547.2,225280.0,89903.23453669506,688947.2,2621440.0,981770.7859850791,831.0,831.0,0.0,344473.6,37273.6,9.241758241758241,0,0,0,0,0,supplied_telemetry,supplied_telemetry.jsonl
8290,10.0,5,5,0,0,0.0,0.0,0,0,0,5.36,8.3,1.6788091017146651,71.4,71.6,0.1414213562373075,28672.0,73728.0,24301.39920251507,797081.6,2813952.0,1021836.9936089806,831.0,831.0,0.0,398540.8,14336.0,27.8,0,0,0,0,0,supplied_telemetry,supplied_telemetry.jsonl
8291,10.0,5,5,0,0,0.0,0.0,0,0,0,6.7,12.2,3.0205959676858467,71.52000000000001,71.6,0.09797958971132156,1531084.8,7589888.0,3029402.7076255414,1170636.8,2850816.0,1260004.167364283,831.0,831.0,0.0,585318.4,765542.4,0.7645799892990904,0,0,0,0,0,supplied_telemetry,supplied_telemetry.jsonl
8292,10.0,5,5,0,0,0.0,0.0,0,0,0,6.4799999999999995,11.4,2.6209921785461323,71.7,72.7,0.5019960159204451,20480.0,53248.0,20397.915501344738,633241.6,2543616.0,964813.1260453706,831.0,831.0,0.0,316620.8,10240.0,30.919999999999998,0,0,0,0,0,supplied_telemetry,supplied_telemetry.jsonl
8293,10.0,5,5,0,0,0.0,0.0,0,0,0,5.76,8.5,1.832593790232849,71.53999999999999,71.7,0.11999999999999696,5734.4,24576.0,9553.43158451454,685670.4,2699264.0,1037530.9491336825,831.0,831.0,0.0,342835.2,2867.2,119.57142857142858,0,0,0,0,0,supplied_telemetry,supplied_telemetry.jsonl
8294,10.0,5,5,0,0,0.0,0.0,0,0,0,8.419999999999998,11.9,2.3215512055520118,71.74,71.8,0.08000000000000042,34406.4,81920.0,30717.269211959585,1170636.8,2555904.0,1073209.5300610035,831.0,831.0,0.0,585318.4,17203.2,34.023809523809526,0,0,0,0,0,supplied_telemetry,supplied_telemetry.jsonl
8295,10.0,5,5,0,0,0.0,0.0,0,0,0,4.9799999999999995,7.8,1.7881834357805688,71.88000000000001,72.4,0.34292856398964416,35337011.2,163389440.0,64141815.606316976,1046937.6,2633728.0,961681.4864162874,831.0,831.0,0.0,523468.8,17668505.6,0.02962722551928783,0,0,0,0,0,supplied_telemetry,supplied_telemetry.jsonl
8296,10.0,6,5,1,0,0.1,0.0,0,1,0,5.660000000000001,8.1,1.3305637902783916,71.7,71.9,0.14142135623731153,777420.8,2154496.0,725370.9545192446,709427.2,2756608.0,1039249.4021156615,829.6,830.0,0.48989794855663565,354713.6,388710.4,0.9125395152792412,0,0,0,0,0,supplied_telemetry,supplied_telemetry.jsonl
8297,10.0,5,5,0,0,0.0,0.0,0,0,0,6.1,7.7,1.2790621564255586,71.64,71.9,0.1743559577416281,95027.2,167936.0,62838.56743879511,1122304.0,2818048.0,1135755.1409799561,830.0,830.0,0.0,561152.0,47513.6,11.810344827586206,0,0,0,0,0,supplied_telemetry,supplied_telemetry.jsonl
8298,10.0,5,5,0,0,0.0,0.0,0,0,0,6.720000000000001,9.8,2.09131537554717,71.66,72.5,0.4498888751680785,172032.0,397312.0,116343.70575497413,784793.6,2576384.0,947193.6013621712,830.0,830.0,0.0,392396.8,86016.0,4.561904761904762,0,0,0,0,0,supplied_telemetry,supplied_telemetry.jsonl
8299,10.0,5,5,0,0,0.0,0.0,0,0,0,4.8,11.6,3.542315626818141,71.66,72.0,0.28705400188814656,2903244.8,6029312.0,2342984.180146883,1705574.4,4419584.0,1836864.1583666005,830.0,830.0,0.0,852787.2,1451622.4,0.587471783295711,0,0,0,0,0,supplied_telemetry,supplied_telemetry.jsonl
8300,10.0,5,5,0,0,0.0,0.0,0,0,0,4.12,6.3,1.7232527382830412,71.53999999999999,71.9,0.27276363393971786,864256.0,2658304.0,952553.8396777371,1147699.2,2732032.0,1074955.850680092,829.6,830.0,0.48989794855663565,573849.6,432128.0,1.327962085308057,0,0,0,0,0,supplied_telemetry,supplied_telemetry.jsonl
8301,10.0,5,5,0,0,0.0,0.0,0,0,0,6.92,8.7,1.0476640682967033,71.78,72.5,0.3655133376499423,268697.6,770048.0,262650.39089527354,734822.4,2682880.0,1007904.3437837937,829.0,829.0,0.0,367411.2,134348.8,2.734756097560976,0,0,0,0,0,supplied_telemetry,supplied_telemetry.jsonl
8302,10.0,5,5,0,0,0.0,0.0,0,0,0,6.359999999999999,10.0,2.924790590794493,71.44,71.6,0.23323807579380948,688947.2,2023424.0,676603.6587374917,872448.0,2969600.0,1103894.417583131,829.0,829.0,0.0,436224.0,344473.6,1.2663495838287753,0,0,0,0,0,supplied_telemetry,supplied_telemetry.jsonl
8303,10.0,5,5,0,0,0.0,0.0,0,0,0,5.340000000000001,8.1,1.6069847541280533,71.80000000000001,71.9,0.10954451150103738,127795.2,258048.0,80406.88998935353,1336934.4,3559424.0,1451717.6311877733,829.0,829.0,0.0,668467.2,63897.6,10.461538461538462,0,0,0,0,0,supplied_telemetry,supplied_telemetry.jsonl
8304,10.0,5,5,0,0,0.0,0.0,0,0,0,5.0600000000000005,6.7,1.3893883546366725,71.82000000000001,72.2,0.19390719429665326,300646.4,487424.0,121937.03255303534,683212.8,2355200.0,869739.667070647,829.0,829.0,0.0,341606.4,150323.2,2.2724795640326976,0,0,0,0,0,supplied_telemetry,supplied_telemetry.jsonl
8305,10.0,5,5,0,0,0.0,0.0,0,0,0,3.8600000000000003,4.7,0.5851495535331118,71.66,71.7,0.04898979485566774,259686.4,585728.0,190269.6711865556,667648.0,2412544.0,895528.3677579398,829.0,829.0,0.0,333824.0,129843.2,2.5709779179810726,0,0,0,0,0,supplied_telemetry,supplied_telemetry.jsonl
8306,10.0,5,5,0,0,0.0,0.0,0,0,0,4.0200000000000005,5.7,0.9887365675446622,71.52,71.6,0.1599999999999966,127795.2,286720.0,105240.8994381937,1445068.8,3772416.0,1476734.737640095,829.0,829.0,0.0,722534.4,63897.6,11.307692307692308,0,0,0,0,0,supplied_telemetry,supplied_telemetry.jsonl
8307,10.0,5,5,0,0,0.0,0.0,0,0,0,4.619999999999999,7.5,1.4864723340849637,71.76,72.4,0.3555277766926261,288358.4,671744.0,224535.5320848796,775782.4,2981888.0,1146761.7950513698,829.0,829.0,0.0,387891.2,144179.2,2.690340909090909,0,0,0,0,0,supplied_telemetry,supplied_telemetry.jsonl
8308,10.0,6,5,1,0,0.1,0.0,0,1,0,4.12,5.9,0.998799279134702,71.6,71.7,0.06324555320336848,176128.0,495616.0,164392.03001605644,615219.2,2670592.0,1034102.9979754242,829.6,830.0,0.48989794855663565,307609.6,88064.0,3.493023255813953,0,0,0,0,0,supplied_telemetry,supplied_telemetry.jsonl
8309,10.0,5,5,0,0,0.0,0.0,0,0,0,2.92,3.3,0.2785677655436823,71.38,71.6,0.2039607805437104,346521.6,1060864.0,379534.5731569655,1227980.8,5435392.0,2108031.619318686,830.0,830.0,0.0,613990.4,173260.8,3.543735224586289,0,0,0,0,0,supplied_telemetry,supplied_telemetry.jsonl
8310,10.0,5,5,0,0,0.0,0.0,0,0,0,5.0,7.3,1.4463747785411634,71.62,72.3,0.3709447398198259,54886.4,135168.0,44008.6561376282,784793.6,2834432.0,1047540.6088139208,830.0,830.0,0.0,392396.8,27443.2,14.298507462686567,0,0,0,0,0,supplied_telemetry,supplied_telemetry.jsonl
8311,10.0,5,5,0,0,0.0,0.0,0,0,0,3.6799999999999997,4.6,0.7573638491504596,71.63999999999999,71.8,0.08000000000000114,54886.4,110592.0,36690.65019647376,713523.2,2813952.0,1064554.7339657834,830.0,830.0,0.0,356761.6,27443.2,12.999999999999998,0,0,0,0,0,supplied_telemetry,supplied_telemetry.jsonl
8312,10.0,5,5,0,0,0.0,0.0,0,0,0,4.4,5.5,1.099090533122727,71.61999999999999,71.7,0.07483314773548065,254771.2,1208320.0,477175.38601667207,1177190.4,5332992.0,2085713.7669401907,829.6,830.0,0.48989794855663565,588595.2,127385.6,4.620578778135048,0,0,0,0,0,supplied_telemetry,supplied_telemetry.jsonl
8313,10.0,5,5,0,0,0.0,0.0,0,0,0,4.8,7.2,1.5297058540778354,71.76,72.2,0.3006659275674609,353075.2,958464.0,334644.9547077619,768409.6,2879488.0,1081668.5282716881,829.0,829.0,0.0,384204.8,176537.6,2.176334106728538,0,0,0,0,0,supplied_telemetry,supplied_telemetry.jsonl
8314,10.0,5,5,0,0,0.0,0.0,0,0,0,4.4399999999999995,6.0,1.096540012949824,71.58,71.7,0.07483314773547912,476774.4,1880064.0,705547.6220813447,661094.4,2756608.0,1063252.8051705484,829.0,829.0,0.0,330547.2,238387.2,1.3865979381443299,0,0,0,0,0,supplied_telemetry,supplied_telemetry.jsonl
8315,10.0,5,5,0,0,0.0,0.0,0,0,0,3.9800000000000004,5.8,1.2781236246936365,71.6,71.6,0.0,371916.8,729088.0,247764.32805260728,1445068.8,6426624.0,2503166.640670525,829.0,829.0,0.0,722534.4,185958.4,3.8854625550660797,0,0,0,0,0,supplied_telemetry,supplied_telemetry.jsonl
8316,10.0,5,5,0,0,0.0,0.0,0,0,0,4.06,5.6,1.2338557452149743,71.62,72.0,0.2785677655436833,103219.2,155648.0,58122.802872538756,820838.4,3207168.0,1233685.2819745562,829.0,829.0,0.0,410419.2,51609.6,7.9523809523809526,0,0,0,0,0,supplied_telemetry,supplied_telemetry.jsonl
8317,10.0,5,5,0,0,0.0,0.0,0,0,0,4.279999999999999,5.4,1.0007996802557444,71.47999999999999,71.5,0.039999999999997725,194969.6,507904.0,164506.2931824798,680755.2,2756608.0,1059898.5494165749,829.0,829.0,0.0,340377.6,97484.8,3.4915966386554618,0,0,0,0,0,supplied_telemetry,supplied_telemetry.jsonl
8318,10.0,4,4,0,0,0.0,0.0,0,0,0,4.05,5.5,0.8558621384311845,71.55,71.6,0.04999999999999716,135168.0,200704.0,63652.94701740054,1480704.0,5238784.0,2174980.8210869357,829.0,829.0,0.0,592281.6,54067.2,10.954545454545455,0,0,0,0,0,supplied_telemetry,supplied_telemetry.jsonl
8319,10.0,5,5,0,0,0.0,0.0,0,0,0,4.720000000000001,6.5,1.4688771221582833,71.56,71.8,0.13564659966250267,136806.4,217088.0,62313.07142999773,690585.6,2764800.0,1062431.9729935841,829.0,829.0,0.0,345292.8,68403.2,5.047904191616767,0,0,0,0,0,supplied_telemetry,supplied_telemetry.jsonl
8320,10.0,8,5,3,0,0.3,0.0,0,3,0,4.26,5.5,0.816333265278342,71.47999999999999,71.6,0.09797958971132156,119603.2,557056.0,218856.7581578417,676659.2,2711552.0,1040078.8516273946,829.6,830.0,0.48989794855663565,338329.6,59801.6,5.657534246575342,0,0,0,0,0,supplied_telemetry,supplied_telemetry.jsonl
8321,10.0,5,5,0,0,0.0,0.0,0,0,0,4.22,5.5,0.9368030742904296,71.5,71.6,0.06324555320336399,45056.0,135168.0,53530.81815926224,1115750.4,5021696.0,1958606.98162685,830.0,830.0,0.0,557875.2,22528.0,24.763636363636362,0,0,0,0,0,supplied_telemetry,supplied_telemetry.jsonl
8322,10.0,5,5,0,0,0.0,0.0,0,0,0,4.06,4.7,0.6711184694225008,71.66,72.0,0.18547236990991456,4915.2,20480.0,7942.438678390914,717619.2,2863104.0,1082991.694967676,830.0,830.0,0.0,358809.6,2457.6,146.0,0,0,0,0,0,supplied_telemetry,supplied_telemetry.jsonl
8323,10.0,5,5,0,0,0.0,0.0,0,0,0,5.82,9.1,2.6708800047924277,71.6,71.7,0.08944271909999287,1042022.4,3305472.0,1350906.7519170374,679936.0,2990080.0,1161569.5602843594,830.0,830.0,0.0,339968.0,521011.2,0.6525157232704403,0,0,0,0,0,supplied_telemetry,supplied_telemetry.jsonl
8324,10.0,5,5,0,0,0.0,0.0,0,0,0,5.04,5.7,0.6681317235396026,71.32,71.7,0.19390719429665332,7372.8,32768.0,12796.313069005464,1150976.0,5316608.0,2087247.009028304,829.6,830.0,0.48989794855663565,575488.0,3686.4,156.11111111111111,0,0,0,0,0,supplied_telemetry,supplied_telemetry.jsonl
8325,10.0,5,5,0,0,0.0,0.0,0,0,0,5.659999999999999,8.4,1.6740370366273263,71.52000000000001,72.0,0.34292856398964533,19660.8,53248.0,20626.92894640402,717619.2,2846720.0,1092357.6623429526,829.0,829.0,0.0,358809.6,9830.4,36.5,0,0,0,0,0,supplied_telemetry,supplied_telemetry.jsonl
8326,10.0,5,5,0,0,0.0,0.0,0,0,0,7.6,10.9,1.7527121840165316,71.8,72.0,0.10954451150103219,18022.4,49152.0,18788.097951628846,659456.0,2772992.0,1069898.40832408,829.0,829.0,0.0,329728.0,9011.2,36.590909090909086,0,0,0,0,0,supplied_telemetry,supplied_telemetry.jsonl
8327,10.0,9,5,4,0,0.4,0.0,0,1,0,8.099999999999998,10.7,2.010969915239907,71.78,71.9,0.14696938456699238,168755.2,413696.0,184099.59444431157,1162444.8,5160960.0,2004082.682625485,829.0,829.0,0.0,581222.4,84377.6,6.888349514563107,0,0,0,0,0,supplied_telemetry,supplied_telemetry.jsonl
8328,10.0,7,5,2,0,0.2,0.0,0,2,0,7.94,8.8,0.9393614852653903,72.2,73.4,0.6356099432828304,7263846.4,22892544.0,8212216.503463645,1195212.8,3051520.0,1059189.1693657748,834.8,835.0,0.4000000000000001,597606.4,3631923.2,0.16454268636517425,0,0,0,0,0,supplied_telemetry,supplied_telemetry.jsonl
8329,10.0,5,5,0,0,0.0,0.0,0,0,0,11.32,20.6,5.243815404836445,71.38,71.9,0.3919183588453091,2532966.4,6250496.0,2219806.179511139,3073638.4,9310208.0,3238241.335205614,835.0,835.0,0.0,1536819.2,1266483.2,1.2134540750323415,0,0,0,0,0,supplied_telemetry,supplied_telemetry.jsonl
8330,10.0,5,5,0,0,0.0,0.0,0,0,0,4.9,6.9,1.0936178491593853,71.04,71.3,0.16248076809271872,222003.2,516096.0,213407.4962717102,1574502.4,7036928.0,2738406.3405285636,835.2,836.0,0.4,787251.2,111001.6,7.0922509225092245,0,0,0,0,0,supplied_telemetry,supplied_telemetry.jsonl
8331,10.0,5,5,0,0,0.0,0.0,0,0,0,7.88,9.7,1.914575671003891,71.56,72.2,0.3498571136907188,533299.2,1544192.0,517040.46659672586,901939.2,3338240.0,1252951.3361631248,835.0,835.0,0.0,450969.6,266649.6,1.6912442396313365,0,0,0,0,0,supplied_telemetry,supplied_telemetry.jsonl
8332,10.0,6,5,1,0,0.1,0.0,0,1,0,5.720000000000001,8.1,1.781460075331468,70.97999999999999,71.3,0.23151673805580364,596377.6,2097152.0,785802.8416649051,876544.0,2850816.0,1038233.7969424806,831.6,832.0,0.48989794855663565,438272.0,298188.8,1.4697802197802199,0,0,0,0,0,supplied_telemetry,supplied_telemetry.jsonl
8333,10.0,5,5,0,0,0.0,0.0,0,0,0,7.4799999999999995,12.1,3.065550521521379,71.4,71.5,0.08944271909999287,149913.6,413696.0,142799.50775489392,1350860.8,5001216.0,1861627.989610642,832.0,832.0,0.0,675430.4,74956.8,9.010928961748634,0,0,0,0,0,supplied_telemetry,supplied_telemetry.jsonl
8334,10.0,5,5,0,0,0.0,0.0,0,0,0,14.36,22.0,7.058215071815253,71.92,73.5,0.8997777503361596,8743321.6,18579456.0,6284484.9913527705,1721139.2,3514368.0,1475823.3023999045,832.0,832.0,0.0,860569.6,4371660.8,0.19685186920266093,0,0,0,0,0,supplied_telemetry,supplied_telemetry.jsonl
8335,10.0,5,5,0,0,0.0,0.0,0,0,0,18.619999999999997,20.2,1.655777762865536,71.92,72.5,0.39191835884530896,11181260.8,19509248.0,4283834.375511658,1647411.2,3473408.0,1255736.0724034966,832.0,832.0,0.0,823705.6,5590630.4,0.14733680123085938,0,0,0,0,0,supplied_telemetry,supplied_telemetry.jsonl
8336,10.0,5,5,0,0,0.0,0.0,0,0,0,18.64,19.8,0.8546344247688596,71.92,73.1,0.611228271597443,5908889.6,7311360.0,892629.5809594482,1825996.8,4853760.0,1849515.9514301466,831.6,832.0,0.48989794855663565,912998.4,2954444.8,0.3090253708581728,0,0,0,0,0,supplied_telemetry,supplied_telemetry.jsonl
8337,10.0,5,5,0,0,0.0,0.0,0,0,0,13.580000000000002,21.5,6.504582999701057,71.96,73.1,0.8014985963805538,5124915.2,8359936.0,2777542.751675473,1413939.2,3362816.0,1197485.4773790622,831.0,831.0,0.0,706969.6,2562457.6,0.2758951406649616,0,0,0,0,0,supplied_telemetry,supplied_telemetry.jsonl
8338,10.0,6,5,1,0,0.1,0.0,0,1,0,9.84,18.3,4.709394865585175,72.17999999999999,72.9,0.563560112144218,1299251.2,5685248.0,2197712.836451423,1935769.6,8663040.0,3379787.886219702,831.2,832.0,0.4,967884.8,649625.6,1.4899117276166458,0,0,0,0,0,supplied_telemetry,supplied_telemetry.jsonl
8339,10.0,5,5,0,0,0.0,0.0,0,0,0,5.84,7.8,1.4880860190190621,71.53999999999999,72.2,0.42708313008125254,340787.2,552960.0,136425.70264345352,1771110.4,4624384.0,1851023.3232918056,832.0,832.0,0.0,885555.2,170393.6,5.197115384615384,0,0,0,0,0,supplied_telemetry,supplied_telemetry.jsonl
8340,10.0,6,5,1,0,0.1,0.0,0,1,0,7.76,10.1,1.270590413941487,71.76,72.8,0.6406246951218791,1087897.6,3354624.0,1226054.2507164355,1353318.4,5165056.0,1921212.808461322,832.6,833.0,0.48989794855663565,676659.2,543948.8,1.2439759036144575,0,0,0,0,0,supplied_telemetry,supplied_telemetry.jsonl
8341,10.0,13,5,8,0,0.8,0.0,0,1,1,8.0,9.7,1.2553883861180168,71.7,71.8,0.08944271909999287,417792.0,757760.0,206918.95812612242,820838.4,2981888.0,1091024.326016171,835.2,841.0,3.124099870362662,410419.2,208896.0,1.9647058823529413,0,0,0,0,0,supplied_telemetry,supplied_telemetry.jsonl
8342,10.0,5,5,0,0,0.0,0.0,0,0,0,6.5,9.1,1.9141577782408639,71.52000000000001,71.6,0.11661903789690474,112230.4,278528.0,87336.09495643826,1443430.4,3919872.0,1578784.802694731,841.0,841.0,0.0,721715.2,56115.2,12.861313868613138,0,0,0,0,0,supplied_telemetry,supplied_telemetry.jsonl
8343,10.0,5,5,0,0,0.0,0.0,0,0,0,6.8199999999999985,9.1,2.029187029329726,72.0,72.8,0.5099019513592763,36022681.6,173953024.0,68969790.6128207,890470.4,2904064.0,1080135.004141538,841.0,841.0,0.0,445235.2,18011340.8,0.0247197143701817,0,0,0,0,0,supplied_telemetry,supplied_telemetry.jsonl
8344,10.0,5,5,0,0,0.0,0.0,0,0,0,8.24,11.8,2.1218859535799752,71.76000000000002,72.0,0.24979991993593811,1624473.6,5361664.0,1930912.9630490963,1629388.8,4161536.0,1605607.7581843457,841.0,841.0,0.0,814694.4,812236.8,1.0030257186081695,0,0,0,0,0,supplied_telemetry,supplied_telemetry.jsonl
8345,10.0,5,5,0,0,0.0,0.0,0,0,0,9.52,14.2,2.822339455132922,71.92,72.1,0.09797958971132503,711884.8,2490368.0,897001.181810236,1590067.2,3100672.0,1232740.587148229,839.4,841.0,2.727636339397171,795033.6,355942.4,2.2336018411967777,0,0,0,0,0,supplied_telemetry,supplied_telemetry.jsonl
8346,10.0,5,5,0,0,0.0,0.0,0,0,0,8.52,11.2,2.466900889780536,71.97999999999999,72.9,0.47916594202844,450560.0,1634304.0,594944.5287433106,776601.6,3026944.0,1154902.3376105183,833.8,834.0,0.4,388300.8,225280.0,1.7236363636363636,0,0,0,0,0,supplied_telemetry,supplied_telemetry.jsonl
8347,10.0,5,5,0,0,0.0,0.0,0,0,0,7.620000000000002,12.8,3.2437015892341274,71.9,72.0,0.06324555320336848,190873.6,421888.0,137288.73057552832,681574.4,2871296.0,1098704.492244134,833.0,833.0,0.0,340787.2,95436.8,3.570815450643777,0,0,0,0,0,supplied_telemetry,supplied_telemetry.jsonl
8348,10.0,5,5,0,0,0.0,0.0,0,0,0,6.08,8.1,1.2749901960407382,71.82000000000001,71.9,0.1166190378969106,147456.0,348160.0,120786.86614694497,1431961.6,3518464.0,1418639.6511849794,832.6,833.0,0.48989794855663565,715980.8,73728.0,9.711111111111112,0,0,0,0,0,supplied_telemetry,supplied_telemetry.jsonl
8349,10.0,5,5,0,0,0.0,0.0,0,0,0,8.58,10.8,1.5535765188750763,72.0,72.7,0.3577708763999667,416972.8,876544.0,354510.16059819784,773324.8,2818048.0,1033668.1051692365,832.0,832.0,0.0,386662.4,208486.4,1.8546168958742635,0,0,0,0,0,supplied_telemetry,supplied_telemetry.jsonl
8350,10.0,5,5,0,0,0.0,0.0,0,0,0,7.739999999999999,15.2,5.297773117074758,71.34,72.5,0.6216108107168021,856883.2,2281472.0,916696.8792769832,926515.2,2961408.0,1047703.3168523234,832.0,832.0,0.0,463257.6,428441.6,1.0812619502868068,0,0,0,0,0,supplied_telemetry,supplied_telemetry.jsonl
8351,10.0,5,5,0,0,0.0,0.0,0,0,0,2.34,3.0,0.4409081537009721,70.53999999999999,70.8,0.17435595774162518,995328.0,3469312.0,1258300.2666340019,1203404.8,2932736.0,1262807.893561392,832.0,832.0,0.0,601702.4,497664.0,1.2090534979423868,0,0,0,0,0,supplied_telemetry,supplied_telemetry.jsonl
8352,10.0,5,5,0,0,0.0,0.0,0,0,0,1.9600000000000002,2.6,0.37202150475476553,70.78,71.1,0.26381811916545844,690585.6,2260992.0,796507.6165626037,845414.4,3198976.0,1227618.6919074832,832.0,832.0,0.0,422707.2,345292.8,1.2241992882562278,0,0,0,0,0,supplied_telemetry,supplied_telemetry.jsonl
8353,10.0,5,5,0,0,0.0,0.0,0,0,0,1.92,2.4,0.33105890714493696,70.62,71.3,0.34292856398964233,250675.2,503808.0,171668.828087571,729907.2,2813952.0,1060227.7431009621,832.0,832.0,0.0,364953.6,125337.6,2.911764705882353,0,0,0,0,0,supplied_telemetry,supplied_telemetry.jsonl
8354,10.0,5,5,0,0,0.0,0.0,0,0,0,2.2,2.7,0.40496913462633183,70.64000000000001,70.9,0.17435595774162746,191692.8,389120.0,140687.91116567195,1275494.4,3186688.0,1357982.0852770628,832.0,832.0,0.0,637747.2,95846.4,6.653846153846154,0,0,0,0,0,supplied_telemetry,supplied_telemetry.jsonl
8355,10.0,5,5,0,0,0.0,0.0,0,0,0,3.94,11.2,3.709231726382163,70.9,71.2,0.31622776601683883,1576140.8,6995968.0,2715168.4229329424,956006.4,3334144.0,1233282.677966994,832.0,832.0,0.0,478003.2,788070.4,0.6065488565488566,0,0,0,0,0,supplied_telemetry,supplied_telemetry.jsonl
8356,10.0,6,5,1,0,0.1,0.0,0,1,0,2.0,2.5,0.3286335345030997,70.73999999999998,71.4,0.33226495451672666,263782.4,933888.0,337701.22760665236,682393.6,2756608.0,1044338.9595754052,832.6,833.0,0.48989794855663565,341196.8,131891.2,2.58695652173913,0,0,0,0,0,supplied_telemetry,supplied_telemetry.jsonl
8357,10.0,5,5,0,0,0.0,0.0,0,0,0,1.98,2.4,0.24819347291981714,70.72,70.9,0.14696938456699238,33587.2,110592.0,39064.761196761465,1372979.2,3657728.0,1496524.820144377,833.0,833.0,0.0,686489.6,16793.6,40.87804878048781,0,0,0,0,0,supplied_telemetry,supplied_telemetry.jsonl
8358,10.0,5,5,0,0,0.0,0.0,0,0,0,1.9600000000000002,2.6,0.33823069050575527,70.97999999999999,71.3,0.30594117081556343,35225.6,77824.0,32314.299061560967,626688.0,2691072.0,1041035.2859095604,833.0,833.0,0.0,313344.0,17612.8,17.790697674418606,0,0,0,0,0,supplied_telemetry,supplied_telemetry.jsonl
8359,10.0,5,5,0,0,0.0,0.0,0,0,0,1.8199999999999998,2.3,0.30594117081556704,70.64000000000001,71.1,0.23323807579380998,18841.6,36864.0,15884.877356781828,672563.2,2351104.0,866713.6000000001,833.0,833.0,0.0,336281.6,9420.8,35.69565217391305,0,0,0,0,0,supplied_telemetry,supplied_telemetry.jsonl
8360,10.0,7,5,2,0,0.2,0.0,0,2,0,5.76,18.4,6.39768708206333,71.18,71.8,0.34292856398964183,2041446.4,7106560.0,2682887.6291799922,1203404.8,2924544.0,1340050.4549077845,833.4,834.0,0.48989794855663565,601702.4,1020723.2,0.589486356340289,0,0,0,0,0,supplied_telemetry,supplied_telemetry.jsonl
8361,10.0,5,5,0,0,0.0,0.0,0,0,0,2.2800000000000002,4.4,1.0759182125050215,71.13999999999999,71.5,0.20591260281973905,320307.2,712704.0,279038.3277748059,814284.8,2351104.0,809684.6156192916,834.0,834.0,0.0,407142.4,160153.6,2.5421994884910486,0,0,0,0,0,supplied_telemetry,supplied_telemetry.jsonl
8362,10.0,5,5,0,0,0.0,0.0,0,0,0,1.9600000000000002,2.7,0.42708313008125254,70.92,71.4,0.2400000000000034,134348.8,274432.0,77257.11853389304,670105.6,2699264.0,1025488.5513536657,833.2,834.0,0.4000000000000001,335052.8,67174.4,4.987804878048781,0,0,0,0,0,supplied_telemetry,supplied_telemetry.jsonl
8363,10.0,5,5,0,0,0.0,0.0,0,0,0,1.8800000000000001,2.4,0.27129319932501067,71.0,71.2,0.1673320053068158,37683.2,73728.0,31769.754713563656,1091174.4,4997120.0,1958423.6629576962,833.0,833.0,0.0,545587.2,18841.6,28.956521739130434,0,0,0,0,0,supplied_telemetry,supplied_telemetry.jsonl
8364,10.0,5,5,0,0,0.0,0.0,0,0,0,3.9,7.9,2.4560130292814004,71.24000000000001,71.4,0.27276363393971786,9364275.2,45862912.0,18249471.652307987,933068.8,4132864.0,1609160.7134759908,833.0,833.0,0.0,466534.4,4682137.6,0.09964132621817864,0,0,0,0,0,supplied_telemetry,supplied_telemetry.jsonl
8365,10.0,5,5,0,0,0.0,0.0,0,0,0,2.12,2.9,0.40693979898751603,71.16,71.4,0.12000000000000453,77824.0,147456.0,46195.907559003535,986316.8,2719744.0,1024672.8336725631,833.0,833.0,0.0,493158.4,38912.0,12.673684210526316,0,0,0,0,0,supplied_telemetry,supplied_telemetry.jsonl
8366,10.0,5,5,0,0,0.0,0.0,0,0,0,1.98,2.6,0.4261455150532504,71.0,71.2,0.17888543819998096,161382.4,376832.0,121136.38678052108,1116569.6,4837376.0,1877510.2523375577,833.0,833.0,0.0,558284.8,80691.2,6.9187817258883255,0,0,0,0,0,supplied_telemetry,supplied_telemetry.jsonl
8367,10.0,5,5,0,0,0.0,0.0,0,0,0,2.2,3.3,0.606630035524124,71.22,71.4,0.26381811916545844,48332.8,102400.0,31769.754713563652,720076.8,2838528.0,1073093.8414775103,833.0,833.0,0.0,360038.4,24166.4,14.898305084745763,0,0,0,0,0,supplied_telemetry,supplied_telemetry.jsonl
8368,10.0,6,5,1,0,0.1,0.0,0,1,0,2.06,3.0,0.5388877434122992,71.06,71.7,0.31999999999999884,509542.4,1806336.0,683914.7511488841,892928.0,2805760.0,998738.8602384509,833.8,834.0,0.4000000000000001,446464.0,254771.2,1.7524115755627008,0,0,0,0,0,supplied_telemetry,supplied_telemetry.jsonl
8369,10.0,5,5,0,0,0.0,0.0,0,0,0,1.92,2.5,0.32496153618543844,70.96000000000001,71.2,0.18547236990991364,258867.2,618496.0,206259.52885663247,922419.2,4091904.0,1591727.7346891207,834.0,834.0,0.0,461209.6,129433.6,3.563291139240506,0,0,0,0,0,supplied_telemetry,supplied_telemetry.jsonl
8370,10.0,5,5,0,0,0.0,0.0,0,0,0,1.8200000000000003,2.8,0.49558046773455466,71.20000000000002,71.4,0.25298221281346944,113049.6,225280.0,87795.9231345055,628326.4,2748416.0,1067124.269749611,834.0,834.0,0.0,314163.2,56524.8,5.557971014492754,0,0,0,0,0,supplied_telemetry,supplied_telemetry.jsonl
8371,10.0,5,5,0,0,0.0,0.0,0,0,0,1.94,2.5,0.35552777669262353,70.97999999999999,71.7,0.3600000000000023,153190.4,507904.0,180588.54766966813,661094.4,2723840.0,1047848.0673306795,834.0,834.0,0.0,330547.2,76595.2,4.315508021390374,0,0,0,0,0,supplied_telemetry,supplied_telemetry.jsonl
8372,10.0,4,4,0,0,0.0,0.0,0,0,0,1.9500000000000002,2.9,0.5499999999999999,71.025,71.2,0.1479019945774916,228352.0,466944.0,141723.2277363171,1297408.0,4898816.0,2081613.1826792413,833.25,834.0,0.82915619758885,518963.2,91340.8,5.681614349775785,0,0,0,0,0,supplied_telemetry,supplied_telemetry.jsonl
8373,10.0,5,5,0,0,0.0,0.0,0,0,0,2.02,3.4,0.708237248385031,71.06,71.3,0.2939387691339786,156467.2,712704.0,278364.11178339785,653721.6,2789376.0,1077407.1559995506,832.0,832.0,0.0,326860.8,78233.6,4.178010471204188,0,0,0,0,0,supplied_telemetry,supplied_telemetry.jsonl
8374,10.0,5,5,0,0,0.0,0.0,0,0,0,2.1,3.0,0.5099019513592784,70.97999999999999,71.1,0.11661903789690377,187596.8,397312.0,117474.53678546684,690585.6,2859008.0,1101455.755266747,832.0,832.0,0.0,345292.8,93798.4,3.681222707423581,0,0,0,0,0,supplied_telemetry,supplied_telemetry.jsonl
8375,10.0,5,5,0,0,0.0,0.0,0,0,0,1.98,2.5,0.3187475490101846,71.08000000000001,71.5,0.2399999999999996,136806.4,290816.0,90022.58836891995,1024819.2,4780032.0,1880024.5566232798,832.0,832.0,0.0,512409.6,68403.2,7.491017964071856,0,0,0,0,0,supplied_telemetry,supplied_telemetry.jsonl
8376,10.0,5,5,0,0,0.0,0.0,0,0,0,2.12,2.8,0.3969886648255841,71.14000000000001,71.5,0.361109401705356,170393.6,376832.0,123875.39239994358,658636.8,2723840.0,1046527.2785907494,832.0,832.0,0.0,329318.4,85196.8,3.8653846153846154,0,0,0,0,0,supplied_telemetry,supplied_telemetry.jsonl
8377,10.0,5,5,0,0,0.0,0.0,0,0,0,1.86,2.5,0.3261901286060018,71.17999999999999,71.9,0.41665333311999475,67993.6,311296.0,121992.05580954852,680755.2,2818048.0,1084833.6226246676,832.0,832.0,0.0,340377.6,33996.8,10.012048192771083,0,0,0,0,0,supplied_telemetry,supplied_telemetry.jsonl
8378,10.0,5,5,0,0,0.0,0.0,0,0,0,1.94,2.5,0.36110940170535577,71.1,71.5,0.2449489742783178,18022.4,65536.0,24107.317607730645,1000243.2,4632576.0,1819189.2339635696,832.0,832.0,0.0,500121.6,9011.2,55.49999999999999,0,0,0,0,0,supplied_telemetry,supplied_telemetry.jsonl
8379,10.0,5,5,0,0,0.0,0.0,0,0,0,2.0799999999999996,2.5,0.35999999999999993,71.32000000000001,71.8,0.3544009029333858,36044.8,143360.0,54302.51821195772,696320.0,2838528.0,1078868.0502615692,832.0,832.0,0.0,348160.0,18022.4,19.318181818181817,0,0,0,0,0,supplied_telemetry,supplied_telemetry.jsonl
8380,10.0,28,5,23,0,2.3,0.0,0,6,1,11.72,50.0,19.14799206183249,71.26,72.5,0.6216108107168008,33610956.8,167219200.0,66804725.69046533,4868505.6,23846912.0,9490452.188291,837.8,859.0,10.609429767899874,2434252.8,16805478.4,0.1448487655073241,0,0,0,0,0,supplied_telemetry,supplied_telemetry.jsonl
8381,10.0,19,5,14,0,1.4,0.0,0,14,1,15.520000000000001,44.2,14.35791071152067,71.52000000000001,71.9,0.22271057451320353,58630144.0,192843776.0,68107926.13808128,2891776.0,10174464.0,3689658.0660270406,870.2,871.0,0.4,1445888.0,29315072.0,0.04932234176330865,0,0,0,0,0,supplied_telemetry,supplied_telemetry.jsonl
8382,10.0,5,5,0,0,0.0,0.0,0,0,0,4.180000000000001,5.0,0.6337191807101944,71.96000000000001,72.6,0.3498571136907165,7796326.4,29466624.0,10962000.639822964,1087078.4,3219456.0,1109632.330446369,871.0,871.0,0.0,543539.2,3898163.2,0.13943469580750234,0,0,0,0,0,supplied_telemetry,supplied_telemetry.jsonl
8383,10.0,5,5,0,0,0.0,0.0,0,0,0,10.08,12.1,2.137662274541982,71.72,72.4,0.342928563989648,62323097.6,231456768.0,85560117.05792317,2330624.0,5210112.0,1822949.1775024338,871.0,871.0,0.0,1165312.0,31161548.8,0.03739583059491575,0,0,0,0,0,supplied_telemetry,supplied_telemetry.jsonl
8384,10.0,7,5,2,0,0.2,0.0,0,2,0,4.62,6.6,1.7022338264762569,71.42,72.2,0.49959983987187095,6375014.4,21446656.0,7804656.70917648,3112960.0,7819264.0,2810230.944080148,859.8,871.0,9.15204895091804,1556480.0,3187507.2,0.48830634798252376,0,0,0,0,0,supplied_telemetry,supplied_telemetry.jsonl
8385,10.0,5,5,0,0,0.0,0.0,0,0,0,2.34,2.7,0.4409081537009721,71.55999999999999,72.0,0.40298883359219906,521830.4,937984.0,344849.1460622166,687308.8,2838528.0,1089768.1845835655,852.0,852.0,0.0,343654.4,260915.2,1.317111459968603,0,0,0,0,0,supplied_telemetry,supplied_telemetry.jsonl
8386,10.0,5,5,0,0,0.0,0.0,0,0,0,2.56,4.2,0.900222194794152,71.38,71.9,0.26381811916546016,551321.6,2469888.0,960012.2278474581,693043.2,2932736.0,1130087.5134463524,848.4,852.0,7.2,346521.6,275660.8,1.2570579494799405,0,0,0,0,0,supplied_telemetry,supplied_telemetry.jsonl
8387,10.0,5,5,0,0,0.0,0.0,0,0,0,4.720000000000001,11.5,3.5289658541844804,72.9,75.1,1.7606816861658987,155969126.4,754626560.0,299427191.3851396,1877606.4,4182016.0,1633191.0283478291,833.2,834.0,0.4000000000000001,938803.2,77984563.2,0.01203832093785453,0,0,0,0,0,supplied_telemetry,supplied_telemetry.jsonl
8388,10.0,5,5,0,0,0.0,0.0,0,0,0,4.359999999999999,12.3,4.028697059844535,73.6,74.8,0.6387487769068536,2985164.8,11091968.0,4200621.961565901,726630.4,2920448.0,1117355.7672536713,833.0,833.0,0.0,363315.2,1492582.4,0.24341383095499453,0,0,0,0,0,supplied_telemetry,supplied_telemetry.jsonl
8389,10.0,5,5,0,0,0.0,0.0,0,0,0,2.0,2.8,0.40496913462633166,72.16,72.3,0.08000000000000185,371097.6,1003520.0,357143.0154017295,1196032.0,5300224.0,2062951.528402352,833.0,833.0,0.0,598016.0,185548.8,3.2229580573951435,0,0,0,0,0,supplied_telemetry,supplied_telemetry.jsonl
8390,10.0,5,5,0,0,0.0,0.0,0,0,0,3.06,4.8,0.8979977728257458,71.63999999999999,72.0,0.20591260281973905,2807398.4,11497472.0,4387882.207236907,1703116.8,4886528.0,1882177.5616002227,833.0,833.0,0.0,851558.4,1403699.2,0.6066530493142691,0,0,0,0,0,supplied_telemetry,supplied_telemetry.jsonl
8391,10.0,5,5,0,0,0.0,0.0,0,0,0,2.8400000000000003,3.5,0.4454211490264018,71.74,72.1,0.26532998322843193,643891.2,1572864.0,598113.6227167544,1084620.8,3047424.0,1103196.2951595515,833.0,833.0,0.0,542310.4,321945.6,1.6844783715012726,0,0,0,0,0,supplied_telemetry,supplied_telemetry.jsonl
8392,10.0,6,5,1,0,0.1,0.0,0,1,0,2.42,3.6,0.6615134163416492,71.64000000000001,72.1,0.23323807579380998,578355.2,1843200.0,706630.1627772197,918323.2,4206592.0,1648627.3303364103,833.6,834.0,0.48989794855663565,459161.6,289177.6,1.5878186968838528,0,0,0,0,0,supplied_telemetry,supplied_telemetry.jsonl
8393,10.0,5,5,0,0,0.0,0.0,0,0,0,4.6,5.9,1.1260550608207398,71.88,72.1,0.15999999999999728,5414912.0,20180992.0,7428514.00158325,1782579.2,3203072.0,1230817.3988874874,834.0,834.0,0.0,891289.6,2707456.0,0.3291981845688351,0,0,0,0,0,supplied_telemetry,supplied_telemetry.jsonl
8394,10.0,5,5,0,0,0.0,0.0,0,0,0,2.38,3.2,0.4833218389437829,71.92,72.3,0.305941170815564,202342.4,724992.0,269224.0695997295,836403.2,3031040.0,1132478.1509970776,834.0,834.0,0.0,418201.6,101171.2,4.133603238866397,0,0,0,0,0,supplied_telemetry,supplied_telemetry.jsonl
8395,10.0,5,5,0,0,0.0,0.0,0,0,0,3.0000000000000004,4.2,0.761577310586391,71.46000000000001,72.0,0.29393876913398015,1812070.4,8105984.0,3148366.46683156,1104281.6,2813952.0,1034567.5470235087,834.0,834.0,0.0,552140.8,906035.2,0.6094032549728753,0,0,0,0,0,supplied_telemetry,supplied_telemetry.jsonl
8396,10.0,5,5,0,0,0.0,0.0,0,0,0,4.42,6.6,1.4878171930717832,71.47999999999999,71.6,0.07483314773547457,2669772.8,10252288.0,3911588.1284289835,2306048.0,4423680.0,1777779.137285169,833.6,834.0,0.48989794855663565,1153024.0,1334886.4,0.863761890150353,0,0,0,0,0,supplied_telemetry,supplied_telemetry.jsonl
8397,10.0,5,5,0,0,0.0,0.0,0,0,0,2.6799999999999997,3.5,0.5114684741017769,71.63999999999999,72.0,0.257681974534502,980582.4,3313664.0,1172465.5297622357,770867.2,2809856.0,1058472.9737576486,833.0,833.0,0.0,385433.6,490291.2,0.7861319966583123,0,0,0,0,0,supplied_telemetry,supplied_telemetry.jsonl
8398,10.0,5,5,0,0,0.0,0.0,0,0,0,5.66,7.3,1.674037036627326,71.72,72.3,0.3059411708155657,13034291.2,31756288.0,10130759.73887318,1563033.6,3145728.0,1196053.3214537888,833.0,833.0,0.0,781516.8,6517145.6,0.11991703852680537,0,0,0,0,0,supplied_telemetry,supplied_telemetry.jsonl
8399,10.0,5,5,0,0,0.0,0.0,0,0,0,2.9200000000000004,5.7,1.5380507143784303,71.64000000000001,71.8,0.10198039027185603,2280652.8,10498048.0,4109631.2520691394,2264268.8,7577600.0,2831695.3558792584,833.0,833.0,0.0,1132134.4,1140326.4,0.992816091954023,0,0,0,0,0,supplied_telemetry,supplied_telemetry.jsonl
8400,10.0,5,5,0,0,0.0,0.0,0,0,0,2.1,2.6,0.28284271247461906,71.58,71.9,0.2638181191654619,194150.4,425984.0,136282.97472773332,656998.4,2797568.0,1082369.3756661077,833.0,833.0,0.0,328499.2,97075.2,3.383966244725739,0,0,0,0,0,supplied_telemetry,supplied_telemetry.jsonl
8401,10.0,5,5,0,0,0.0,0.0,0,0,0,3.5,6.3,1.8708286933869707,71.36,72.0,0.31999999999999884,5322342.4,18972672.0,7388693.371915595,1426227.2,2977792.0,1218317.038232397,833.0,833.0,0.0,713113.6,2661171.2,0.2679698322302601,0,0,0,0,0,supplied_telemetry,supplied_telemetry.jsonl
8402,10.0,5,5,0,0,0.0,0.0,0,0,0,10.559999999999999,15.0,3.8598445564556094,74.35999999999999,75.2,0.9221713506718799,27919974.4,102518784.0,38472754.77669535,6814924.8,18866176.0,6604197.333422145,833.0,833.0,0.0,3407462.4,13959987.2,0.24408778827533595,0,0,0,0,0,supplied_telemetry,supplied_telemetry.jsonl
8403,10.0,6,5,1,0,0.1,0.0,0,1,0,7.760000000000001,19.7,7.297287167160135,72.0,72.9,0.4560701700396567,3711795.2,14761984.0,5604627.550821424,2594406.4,10072064.0,3837096.0722409645,833.8,834.0,0.4000000000000001,1297203.2,1855897.6,0.6989627013904215,0,0,0,0,0,supplied_telemetry,supplied_telemetry.jsonl
8404,10.0,6,5,1,0,0.1,0.0,0,1,0,5.56,17.5,5.973139877819706,71.4,71.8,0.2,2835251.2,10760192.0,4046830.9194781245,2459238.4,8597504.0,3220633.0981987747,834.6,835.0,0.48989794855663565,1229619.2,1417625.6,0.8673793701242415,0,0,0,0,0,supplied_telemetry,supplied_telemetry.jsonl
8405,10.0,5,5,0,0,0.0,0.0,0,0,0,2.36,3.2,0.553534100123922,71.4,71.6,0.17888543819998412,358809.6,565248.0,164811.96495594608,1678540.8,6696960.0,2547215.953767124,835.0,835.0,0.0,839270.4,179404.8,4.678082191780822,0,0,0,0,0,supplied_telemetry,supplied_telemetry.jsonl
8406,10.0,5,5,0,0,0.0,0.0,0,0,0,4.119999999999999,11.1,3.4982281229216596,71.47999999999999,71.8,0.22271057451320198,6049792.0,29151232.0,11552613.010270394,847052.8,2404352.0,815091.2384930658,835.0,835.0,0.0,423526.4,3024896.0,0.14001354096140828,0,0,0,0,0,supplied_telemetry,supplied_telemetry.jsonl
8407,10.0,5,5,0,0,0.0,0.0,0,0,0,2.2,2.7,0.32249030993194205,71.4,71.8,0.2,294092.8,454656.0,133642.63191422113,1155072.0,3121152.0,1157692.2110834122,835.0,835.0,0.0,577536.0,147046.4,3.9275766016713094,0,0,0,0,0,supplied_telemetry,supplied_telemetry.jsonl
8408,10.0,5,5,0,0,0.0,0.0,0,0,0,2.8,5.7,1.47648230602334,71.35999999999999,71.6,0.18547236990991395,622592.0,1978368.0,701992.7422166129,1595801.6,3989504.0,1523814.6167596108,834.4,835.0,0.48989794855663565,797900.8,311296.0,2.5631578947368423,0,0,0,0,0,supplied_telemetry,supplied_telemetry.jsonl
8409,10.0,5,5,0,0,0.0,0.0,0,0,0,4.0600000000000005,8.8,2.598153190248797,71.52000000000001,71.7,0.26381811916545844,12360908.8,34791424.0,14990886.020397838,2404352.0,6160384.0,2682569.186270803,834.0,834.0,0.0,1202176.0,6180454.4,0.19451255881768173,0,0,0,0,0,supplied_telemetry,supplied_telemetry.jsonl
8410,10.0,5,5,0,0,0.0,0.0,0,0,0,2.56,3.5,0.6770524351924303,71.5,71.9,0.2,343244.8,561152.0,179148.38296607646,1170636.8,3002368.0,1085934.189688933,834.0,834.0,0.0,585318.4,171622.4,3.4105011933174225,0,0,0,0,0,supplied_telemetry,supplied_telemetry.jsonl
8411,10.0,25,4,21,0,2.1,0.0,0,4,1,18.625,27.9,6.863444834775027,71.775,72.1,0.2165063509461072,32776192.0,64368640.0,24053683.53772436,11447296.0,29896704.0,11368423.603648836,851.25,855.0,4.9180788932265,4578918.4,13110476.8,0.34925643589102723,0,0,0,0,0,supplied_telemetry,supplied_telemetry.jsonl
8412,10.0,5,5,0,0,0.0,0.0,0,0,0,9.32,14.5,4.531842892245934,71.00000000000001,71.6,0.3162277660168352,2376499.2,3407872.0,815000.6672189662,2264268.8,7065600.0,2419532.4054891597,853.4,855.0,1.2,1132134.4,1188249.6,0.9527749052051016,0,0,0,0,0,supplied_telemetry,supplied_telemetry.jsonl
8413,10.0,6,5,1,0,0.1,0.0,0,1,0,1.9599999999999997,2.4,0.4586937976471886,70.86,71.0,0.08000000000000185,75366.4,163840.0,67383.86853127387,250675.2,602112.0,252353.49295018686,851.6,852.0,0.48989794855663565,125337.6,37683.2,3.3260869565217397,0,0,0,0,0,supplied_telemetry,supplied_telemetry.jsonl
8414,10.0,5,5,0,0,0.0,0.0,0,0,0,7.7,20.0,6.769047200308179,71.16,71.7,0.2870540018881466,52880179.2,226209792.0,87712838.49395022,2815590.4,12722176.0,4961817.781148583,852.0,852.0,0.0,1407795.2,26440089.6,0.05324472122817617,0,0,0,0,0,supplied_telemetry,supplied_telemetry.jsonl
8415,10.0,5,5,0,0,0.0,0.0,0,0,0,1.92,3.3,0.72773621594641,71.82000000000001,72.0,0.11661903789690571,398131.2,1617920.0,624009.9726300534,282624.0,606208.0,236037.6641402808,852.0,852.0,0.0,141312.0,199065.6,0.7098765432098765,0,0,0,0,0,supplied_telemetry,supplied_telemetry.jsonl
8416,10.0,6,5,1,0,0.1,0.0,0,1,0,1.94,3.3,0.722772439983706,71.64000000000001,71.7,0.04898979485566774,779878.4,3641344.0,1431751.1607384295,1083801.6,4648960.0,1791863.2586000082,852.6,853.0,0.48989794855663565,541900.8,389939.2,1.3897058823529413,0,0,0,0,0,supplied_telemetry,supplied_telemetry.jsonl
8417,10.0,21,5,16,0,1.6,0.0,0,16,1,7.159999999999999,28.4,10.635149270226535,71.56,72.0,0.26532998322843343,9351987.2,46563328.0,18605685.729335003,2138112.0,9281536.0,3587052.209822656,844.0,853.0,8.049844718999243,1069056.0,4675993.6,0.22862648913805186,0,0,0,0,0,supplied_telemetry,supplied_telemetry.jsonl
8418,10.0,5,5,0,0,0.0,0.0,0,0,0,5.58,19.3,6.879360435389325,72.28,72.9,0.3310589071449389,18755584.0,93523968.0,37384207.3033386,261324.8,544768.0,176867.5376233864,851.0,851.0,0.0,130662.4,9377792.0,0.013933173181917448,0,0,0,0,0,supplied_telemetry,supplied_telemetry.jsonl
8419,10.0,7,5,2,0,0.2,0.0,0,2,0,5.32,14.2,4.615365640986638,71.99999999999999,72.2,0.30983866769659224,19883622.4,92106752.0,36222417.231074445,1950515.2,8523776.0,3302936.1768515236,844.2,851.0,8.328265125462805,975257.6,9941811.2,0.09809657218193804,0,0,0,0,0,supplied_telemetry,supplied_telemetry.jsonl
8420,10.0,5,5,0,0,0.0,0.0,0,0,0,7.539999999999997,11.5,4.69834013242975,71.74,71.8,0.04898979485566078,46185676.8,109228032.0,48889596.114698,4938137.6,9285632.0,3215960.0993122784,833.6,834.0,0.48989794855663565,2469068.8,23092838.4,0.1069192429805424,0,0,0,0,0,supplied_telemetry,supplied_telemetry.jsonl
8421,10.0,10,5,5,0,0.5,0.0,0,3,1,12.26,22.6,8.741533046325456,73.17999999999999,73.9,0.8885943956609237,83582156.8,374910976.0,146045625.91742146,330137.6,655360.0,256628.04752216776,834.0,836.0,1.0954451150103321,165068.8,41791078.4,0.003949857393486166,0,0,0,0,0,supplied_telemetry,supplied_telemetry.jsonl
8422,10.0,5,5,0,0,0.0,0.0,0,0,0,9.7,11.9,3.1597468253010397,73.47999999999999,73.9,0.47916594202844,11174707.2,14405632.0,5509267.332215797,202342.4,622592.0,239531.6145427154,834.0,834.0,0.0,101171.2,5587353.6,0.01810717689318965,0,0,0,0,0,supplied_telemetry,supplied_telemetry.jsonl
8423,10.0,5,5,0,0,0.0,0.0,0,0,0,7.7,12.2,5.075825056086941,71.76,72.6,0.5713142742834272,2345369.6,8204288.0,3210543.566533842,566886.4,2043904.0,761541.4679759993,834.0,834.0,0.0,283443.2,1172684.8,0.24170450576318547,0,0,0,0,0,supplied_telemetry,supplied_telemetry.jsonl
8424,10.0,5,5,0,0,0.0,0.0,0,0,0,12.959999999999999,30.3,10.663882970100525,73.46,74.2,0.4363484845854272,27158937.6,83906560.0,34334703.48162084,3380838.4,13004800.0,4943980.659882949,834.0,834.0,0.0,1690419.2,13579468.8,0.12448345549422374,0,0,0,0,0,supplied_telemetry,supplied_telemetry.jsonl
8425,10.0,8,5,3,0,0.3,0.0,0,3,0,15.84,25.6,5.637233363982726,72.54,72.7,0.13564659966250603,43635507.2,102457344.0,41605074.576010644,1401651.2,2310144.0,683260.928760426,834.4,835.0,0.48989794855663565,700825.6,21817753.6,0.032121803777268795,0,0,0,0,0,supplied_telemetry,supplied_telemetry.jsonl
8426,10.0,6,5,1,0,0.1,0.0,0,1,0,12.499999999999998,16.6,2.061067684478121,72.17999999999999,72.3,0.09797958971132852,9005465.6,22568960.0,6789451.613451725,706969.6,2973696.0,1137790.6518880527,832.4,833.0,0.48989794855663565,353484.8,4502732.8,0.07850450286545983,0,0,0,0,0,supplied_telemetry,supplied_telemetry.jsonl
8427,10.0,10,5,5,0,0.5,0.0,0,4,1,21.640000000000004,23.7,1.2273548794053,72.46,73.0,0.29393876913398204,14011596.8,19685376.0,3694182.7406142433,203161.6,430080.0,178964.7351648922,834.2,836.0,1.469693845669907,101580.8,7005798.4,0.014499532273152479,0,0,0,0,0,supplied_telemetry,supplied_telemetry.jsonl
8428,10.0,6,5,1,0,0.1,0.0,0,1,0,22.06,24.5,1.3690872872099862,72.50000000000001,72.8,0.15491933384829337,11987353.6,24125440.0,6975058.95305293,292454.4,622592.0,194335.23690941898,836.6,837.0,0.48989794855663565,146227.2,5993676.8,0.024396911091368826,0,0,0,0,0,supplied_telemetry,supplied_telemetry.jsonl
8429,10.0,5,5,0,0,0.0,0.0,0,0,0,22.520000000000003,22.9,0.35440090293338744,72.66,72.7,0.04898979485566774,49928601.6,55484416.0,3065071.147529049,376012.8,921600.0,291137.73301748437,836.2,837.0,1.16619037896906,188006.4,24964300.8,0.0075310100413467215,0,0,0,0,0,supplied_telemetry,supplied_telemetry.jsonl
8430,10.0,5,5,0,0,0.0,0.0,0,0,0,22.360000000000003,24.7,2.3720033726788836,73.03999999999999,73.7,0.349857113690719,57379225.6,74977280.0,9419720.232521083,256409.6,491520.0,150666.0025906309,834.0,834.0,0.0,128204.8,28689612.8,0.004468683522978741,0,0,0,0,0,supplied_telemetry,supplied_telemetry.jsonl
8431,10.0,7,5,2,0,0.2,0.0,0,1,0,24.46,30.7,3.6175129578206078,72.78,72.9,0.14696938456699238,51083673.6,102723584.0,40021129.22357254,193331.2,393216.0,150594.7193634624,833.8,834.0,0.4000000000000001,96665.6,25541836.8,0.0037845986080374612,0,0,0,0,0,supplied_telemetry,supplied_telemetry.jsonl
8432,10.0,8,5,3,0,0.3,0.0,0,3,0,21.639999999999997,23.1,0.9830564581955605,72.24,72.6,0.27276363393971415,10078617.6,20013056.0,5770958.812314003,333414.4,1036288.0,358699.23416790285,833.6,834.0,0.48989794855663565,166707.2,5039308.8,0.0330813622693652,0,0,0,0,0,supplied_telemetry,supplied_telemetry.jsonl
8433,10.0,10,5,5,0,0.5,0.0,0,5,1,23.5,24.7,1.0526157893552617,72.52,73.4,0.5192301994298895,20434124.8,28880896.0,7289662.788101145,343244.8,630784.0,231710.54260555346,834.2,835.0,0.9797958971132713,171622.4,10217062.4,0.016797626683771646,0,0,0,0,0,supplied_telemetry,supplied_telemetry.jsonl
8434,10.0,5,5,0,0,0.0,0.0,0,0,0,22.36,23.7,1.0190191362285599,71.86,72.2,0.21540659228538217,37964185.6,41304064.0,2726932.8490678756,246579.2,569344.0,171238.27561663892,835.0,835.0,0.0,123289.6,18982092.8,0.006495047795783614,0,0,0,0,0,supplied_telemetry,supplied_telemetry.jsonl
8435,10.0,5,5,0,0,0.0,0.0,0,0,0,14.26,20.8,3.3820703718284757,70.9,71.0,0.06324555320336848,32868761.6,43569152.0,7180775.905111804,496435.2,1282048.0,464251.5610926473,833.0,834.0,0.8944271909999159,248217.6,16434380.8,0.01510355656356703,0,0,0,0,0,supplied_telemetry,supplied_telemetry.jsonl
8436,10.0,5,5,0,0,0.0,0.0,0,0,0,25.0,27.8,1.8920887928424508,72.41999999999999,73.3,0.6112282715974421,96482918.4,280334336.0,92415990.63161926,817561.6,1536000.0,372448.719181366,831.2,832.0,0.4000000000000001,408780.8,48241459.2,0.00847364086366608,0,0,0,0,0,supplied_telemetry,supplied_telemetry.jsonl
8437,10.0,7,5,2,0,0.2,0.0,0,1,0,26.560000000000002,33.3,3.728055793573909,72.52000000000001,73.0,0.24819347291981653,34183577.6,80318464.0,24432209.603773274,428441.6,1523712.0,560955.2379124736,830.6,831.0,0.48989794855663565,214220.8,17091788.8,0.012533550613496931,0,0,0,0,0,supplied_telemetry,supplied_telemetry.jsonl
8438,10.0,6,4,2,0,0.2,0.0,0,2,0,31.55,32.7,1.1800423721205953,72.75,72.8,0.0866025403784451,127556608.0,183910400.0,67190103.97510062,749568.0,2154496.0,830761.2982030398,831.0,831.0,0.0,299827.2,51022643.2,0.005876355696131399,0,0,0,0,0,supplied_telemetry,supplied_telemetry.jsonl
8439,10.0,7,5,2,0,0.2,0.0,0,1,0,32.839999999999996,33.7,0.7863841300535007,72.78,73.2,0.21354156504062768,9080832.0,14868480.0,3222243.8250297573,4491673.6,21536768.0,8524336.98198192,831.0,831.0,0.0,2245836.8,4540416.0,0.4946323861073522,0,0,0,0,0,supplied_telemetry,supplied_telemetry.jsonl
8440,10.0,6,5,1,0,0.1,0.0,0,1,0,32.160000000000004,33.4,0.7499333303701061,72.55999999999999,72.7,0.13564659966250353,55808000.0,73662464.0,21018176.899463758,563609.6,1302528.0,413875.21187604364,831.2,832.0,0.4,281804.8,27904000.0,0.010099082568807339,0,0,0,0,0,supplied_telemetry,supplied_telemetry.jsonl
8441,10.0,6,5,1,0,0.1,0.0,0,1,0,32.36,33.9,0.7812809993849837,72.62,72.7,0.16000000000000228,74044211.2,107364352.0,18381144.43043978,1030553.6,2732032.0,992039.3617790777,831.0,831.0,0.0,515276.8,37022105.6,0.013918084659128626,0,0,0,0,0,supplied_telemetry,supplied_telemetry.jsonl
8442,10.0,16,5,11,0,1.1,0.0,0,3,1,33.239999999999995,36.1,1.73158886575307,72.28,72.8,0.4166533331199939,48562176.0,169213952.0,60378642.20504954,240844.8,454656.0,153682.44400763544,833.0,841.0,4.0,120422.4,24281088.0,0.004959514170040486,0,0,0,0,0,supplied_telemetry,supplied_telemetry.jsonl
8443,10.0,6,5,1,0,0.1,0.0,0,1,0,28.259999999999998,36.6,5.309839922257544,72.22,72.6,0.20396078054370984,12981862.4,39202816.0,14688233.292653946,2740224.0,12574720.0,4922158.956409921,840.4,841.0,0.48989794855663565,1370112.0,6490931.2,0.2110809616962201,0,0,0,0,0,supplied_telemetry,supplied_telemetry.jsonl
8444,10.0,14,5,9,0,0.9,0.0,0,1,1,26.48,41.4,8.863723822412338,72.46000000000001,72.5,0.08000000000000114,9015296.0,22048768.0,8534925.534829322,1067417.6,2134016.0,586713.0759864143,845.2,849.0,4.261455150532504,533708.8,4507648.0,0.11840072694229896,0,0,0,0,0,supplied_telemetry,supplied_telemetry.jsonl
8445,10.0,5,5,0,0,0.0,0.0,0,0,0,8.44,16.4,6.259265132585454,72.55999999999999,72.8,0.1624807680927166,214630.4,729088.0,260559.6924972088,258048.0,692224.0,265008.3511438838,847.8,848.0,0.4,129024.0,107315.2,1.202290076335878,0,0,0,0,0,supplied_telemetry,supplied_telemetry.jsonl
8446,10.0,5,5,0,0,0.0,0.0,0,0,0,2.06,4.4,1.1774548823628022,72.32000000000001,72.4,0.040000000000003415,403046.4,1904640.0,751071.0456029044,1667891.2,7081984.0,2721092.631412198,847.0,847.0,0.0,833945.6,201523.2,4.138211382113821,0,0,0,0,0,supplied_telemetry,supplied_telemetry.jsonl
8447,10.0,5,5,0,0,0.0,0.0,0,0,0,1.86,3.3,0.8357032966310469,72.38000000000001,72.5,0.07483314773548065,33587.2,106496.0,41480.97483136094,416972.8,1437696.0,529746.9404756954,847.0,847.0,0.0,208486.4,16793.6,12.414634146341465,0,0,0,0,0,supplied_telemetry,supplied_telemetry.jsonl
8448,10.0,5,5,0,0,0.0,0.0,0,0,0,1.6799999999999997,3.0,0.699714227381436,72.52000000000001,72.9,0.2712931993250131,1055948.8,5259264.0,2101662.988416402,650444.8,2772992.0,1072380.6742560032,845.2,847.0,3.6,325222.4,527974.4,0.6159813809154383,0,0,0,0,0,supplied_telemetry,supplied_telemetry.jsonl
8449,10.0,5,5,0,0,0.0,0.0,0,0,0,1.7600000000000002,2.1,0.32,72.28,72.5,0.14696938456699238,22118.4,53248.0,21611.980322034353,115507.2,229376.0,93417.53943751677,837.6,838.0,0.48989794855663565,57753.6,11059.2,5.222222222222221,0,0,0,0,0,supplied_telemetry,supplied_telemetry.jsonl
8450,10.0,6,5,1,0,0.1,0.0,0,1,0,2.28,3.3,0.7984985911070851,72.08,72.3,0.11661903789690474,701235.2,3162112.0,1232441.1376201948,607846.4,1953792.0,677273.8167523089,832.2,837.0,3.919183588453085,303923.2,350617.6,0.8668224299065421,0,0,0,0,0,supplied_telemetry,supplied_telemetry.jsonl
8451,10.0,5,5,0,0,0.0,0.0,0,0,0,1.78,3.1,0.7025667228100119,72.12,72.4,0.2039607805437101,344064.0,1708032.0,682000.6052032505,234291.2,835584.0,316357.6034138582,829.0,829.0,0.0,117145.6,172032.0,0.680952380952381,0,0,0,0,0,supplied_telemetry,supplied_telemetry.jsonl
8452,10.0,6,5,1,0,0.1,0.0,0,1,0,3.5,10.7,3.604441704342019,72.05999999999999,72.1,0.04898979485566078,1313177.6,5926912.0,2320103.4088424253,186777.6,376832.0,134323.82206831372,829.6,830.0,0.48989794855663565,93388.8,656588.8,0.14223331253898938,0,0,0,0,0,supplied_telemetry,supplied_telemetry.jsonl
8453,10.0,5,5,0,0,0.0,0.0,0,0,0,1.78,2.9,0.6368673331236262,72.06,72.2,0.08000000000000042,819.2,4096.0,1638.4,430080.0,1564672.0,580488.611358397,830.0,830.0,0.0,215040.0,409.6,525.0,0,0,0,0,0,supplied_telemetry,supplied_telemetry.jsonl
8454,10.0,5,5,0,0,0.0,0.0,0,0,0,1.52,1.9,0.19390719429665315,72.4,72.9,0.289827534923791,33587.2,163840.0,65145.71788966639,129433.6,294912.0,133522.06113687728,830.4,832.0,0.8,64716.8,16793.6,3.853658536585366,0,0,0,0,0,supplied_telemetry,supplied_telemetry.jsonl
8455,10.0,5,5,0,0,0.0,0.0,0,0,0,1.8399999999999999,2.7,0.5953150426454888,72.14,72.3,0.10198039027185603,0.0,0.0,0.0,104857.6,229376.0,100284.26775441898,830.0,830.0,0.0,52428.8,0.0,52428.8,0,0,0,0,0,supplied_telemetry,supplied_telemetry.jsonl
8456,10.0,5,5,0,0,0.0,0.0,0,0,0,1.58,2.3,0.43543082114154474,71.94,72.1,0.13564659966250267,50790.4,245760.0,97502.00856515727,321126.4,954368.0,343933.2932680987,829.6,830.0,0.48989794855663565,160563.2,25395.2,6.322580645161291,0,0,0,0,0,supplied_telemetry,supplied_telemetry.jsonl
8457,10.0,5,5,0,0,0.0,0.0,0,0,0,1.8599999999999999,2.5,0.5571355310873648,72.28,72.9,0.3815756805667791,19660.8,98304.0,39321.6,143360.0,417792.0,157852.84667436316,829.0,829.0,0.0,71680.0,9830.4,7.291666666666667,0,0,0,0,0,supplied_telemetry,supplied_telemetry.jsonl
8458,10.0,5,5,0,0,0.0,0.0,0,0,0,1.6800000000000002,3.0,0.6764613810115104,72.02000000000001,72.3,0.15999999999999587,396492.8,1949696.0,776705.2892804064,101580.8,249856.0,106854.58399600834,829.0,829.0,0.0,50790.4,198246.4,0.25619834710743805,0,0,0,0,0,supplied_telemetry,supplied_telemetry.jsonl
8459,10.0,5,5,0,0,0.0,0.0,0,0,0,2.94,8.2,2.6889403117213293,71.76,72.0,0.21540659228538164,27033.6,94208.0,34909.84059316226,361267.2,1163264.0,422022.3910222774,829.0,829.0,0.0,180633.6,13516.8,13.363636363636365,0,0,0,0,0,supplied_telemetry,supplied_telemetry.jsonl
8460,10.0,5,5,0,0,0.0,0.0,0,0,0,1.7,2.3,0.4690415759823429,71.94,72.5,0.32619012860600194,34406.4,90112.0,42218.61470773289,98304.0,237568.0,107405.83653414744,829.0,829.0,0.0,49152.0,17203.2,2.857142857142857,0,0,0,0,0,supplied_telemetry,supplied_telemetry.jsonl
8461,10.0,5,5,0,0,0.0,0.0,0,0,0,1.7600000000000002,2.4,0.33823069050575516,71.66,71.8,0.10198039027185603,0.0,0.0,0.0,160563.2,270336.0,118470.02919287224,828.6,829.0,0.48989794855663565,80281.6,0.0,80281.6,0,0,0,0,0,supplied_telemetry,supplied_telemetry.jsonl
8462,10.0,6,5,1,0,0.1,0.0,0,1,0,1.5599999999999998,2.0,0.3382306905057552,71.5,71.5,0.0,11468.8,57344.0,22937.6,393216.0,1044480.0,326818.70806672005,828.6,829.0,0.48989794855663565,196608.0,5734.4,34.285714285714285,0,0,0,0,0,supplied_telemetry,supplied_telemetry.jsonl
8463,10.0,5,5,0,0,0.0,0.0,0,0,0,1.8199999999999998,2.6,0.46647615158762407,71.84,72.4,0.3072458299147461,17203.2,69632.0,26971.46799416005,144179.2,331776.0,149857.63326891293,829.0,829.0,0.0,72089.6,8601.6,8.380952380952381,0,0,0,0,0,supplied_telemetry,supplied_telemetry.jsonl
8464,10.0,6,5,1,0,0.1,0.0,0,1,0,1.52,1.9,0.29257477676655586,71.62,71.7,0.040000000000003415,819.2,4096.0,1638.4000000000003,151552.0,385024.0,158128.94335446626,829.6,830.0,0.48989794855663565,75776.0,409.6,185.0,0,0,0,0,0,supplied_telemetry,supplied_telemetry.jsonl
8465,10.0,5,5,0,0,0.0,0.0,0,0,0,1.6800000000000002,2.9,0.649307323229917,71.6,71.6,0.0,11468.8,32768.0,14283.240058194078,372736.0,1310720.0,481533.5366231515,830.0,830.0,0.0,186368.0,5734.4,32.5,0,0,0,0,0,supplied_telemetry,supplied_telemetry.jsonl
8466,10.0,5,5,0,0,0.0,0.0,0,0,0,1.44,1.9,0.2653299832284319,72.0,72.5,0.28982753492378993,65536.0,229376.0,90335.14190169847,136806.4,380928.0,151598.4880051249,830.0,830.0,0.0,68403.2,32768.0,2.0875,0,0,0,0,0,supplied_telemetry,supplied_telemetry.jsonl
8467,10.0,5,5,0,0,0.0,0.0,0,0,0,1.6800000000000002,2.5,0.4261455150532503,71.72,71.9,0.11661903789690961,0.0,0.0,0.0,129433.6,299008.0,135170.4824014474,830.0,830.0,0.0,64716.8,0.0,64716.8,0,0,0,0,0,supplied_telemetry,supplied_telemetry.jsonl
8468,10.0,5,5,0,0,0.0,0.0,0,0,0,1.4200000000000002,2.2,0.4166533331199932,71.53999999999999,71.6,0.04898979485566078,0.0,0.0,0.0,357171.2,1097728.0,395796.5457021574,829.6,830.0,0.48989794855663565,178585.6,0.0,178585.6,0,0,0,0,0,supplied_telemetry,supplied_telemetry.jsonl
8469,10.0,5,5,0,0,0.0,0.0,0,0,0,1.94,3.2,0.6887670143089025,71.88,72.5,0.3249615361854388,1473740.8,6893568.0,2712095.6863997555,1903820.8,8613888.0,3359880.0665894253,829.0,829.0,0.0,951910.4,736870.4,1.2918287937743191,0,0,0,0,0,supplied_telemetry,supplied_telemetry.jsonl
8470,10.0,5,5,0,0,0.0,0.0,0,0,0,1.48,2.0,0.3059411708155671,71.6,71.6,0.0,4915.2,24576.0,9830.400000000001,213811.2,708608.0,268285.1859394402,829.0,829.0,0.0,106905.6,2457.6,43.50000000000001,0,0,0,0,0,supplied_telemetry,supplied_telemetry.jsonl
8471,10.0,5,5,0,0,0.0,0.0,0,0,0,1.3399999999999999,1.7,0.233238075793812,71.64000000000001,71.7,0.04898979485566774,516915.2,2572288.0,1027697.4194706144,400588.8,1536000.0,573968.725394128,829.0,829.0,0.0,200294.4,258457.6,0.7749603803486529,0,0,0,0,0,supplied_telemetry,supplied_telemetry.jsonl
8472,10.0,5,5,0,0,0.0,0.0,0,0,0,1.56,2.1,0.332264954516723,72.02000000000001,72.5,0.26381811916545717,78643.2,393216.0,157286.40000000002,129433.6,331776.0,131649.28870540851,829.0,829.0,0.0,64716.8,39321.6,1.6458333333333335,0,0,0,0,0,supplied_telemetry,supplied_telemetry.jsonl
8473,10.0,5,5,0,0,0.0,0.0,0,0,0,1.6199999999999999,2.6,0.49558046773455466,71.8,72.1,0.17888543819998254,0.0,0.0,0.0,128614.4,360448.0,134098.81132001133,828.6,829.0,0.48989794855663565,64307.2,0.0,64307.2,0,0,0,0,0,supplied_telemetry,supplied_telemetry.jsonl
8474,10.0,6,5,1,0,0.1,0.0,0,1,0,1.6800000000000002,2.4,0.4214261501141095,71.6,71.6,0.0,0.0,0.0,0.0,437452.8,1314816.0,454633.12086578115,829.0,829.0,0.0,218726.4,0.0,218726.4,0,0,0,0,0,supplied_telemetry,supplied_telemetry.jsonl
8475,10.0,5,5,0,0,0.0,0.0,0,0,0,1.7,3.0,0.6899275324264136,71.97999999999999,72.5,0.2925747767665567,0.0,0.0,0.0,142540.8,344064.0,144174.54537941157,829.0,829.0,0.0,71270.4,0.0,71270.4,0,0,0,0,0,supplied_telemetry,supplied_telemetry.jsonl
8476,10.0,15,4,11,0,1.1,0.0,0,2,1,1.6749999999999998,2.3,0.46569840025492887,71.725,71.8,0.04330127018921947,364544.0,1458176.0,631408.7295943889,90112.0,290816.0,116033.2531647717,829.5,830.0,0.5,36044.8,145817.6,0.24719101123595508,0,0,0,0,0,supplied_telemetry,supplied_telemetry.jsonl
8477,10.0,13,5,8,0,0.8,0.0,0,1,1,5.679999999999999,12.6,4.913003154894163,71.86,71.9,0.04898979485566774,828211.2,3805184.0,1490006.1261155135,652902.4,1363968.0,574565.879878574,847.4,849.0,3.2,326451.2,414105.6,0.788328387734916,0,0,0,0,0,supplied_telemetry,supplied_telemetry.jsonl
8478,10.0,6,5,1,0,0.1,0.0,0,1,0,1.7599999999999998,2.4,0.5678027826631356,72.03999999999999,72.3,0.20591260281974072,68812.8,303104.0,117531.6492088833,185139.2,458752.0,158645.85829626943,849.0,849.0,0.0,92569.6,34406.4,2.6904761904761907,0,0,0,0,0,supplied_telemetry,supplied_telemetry.jsonl
8479,10.0,5,5,0,0,0.0,0.0,0,0,0,1.7,2.6,0.4898979485566357,71.94,72.1,0.11999999999999982,95846.4,327680.0,118419.0365669304,176128.0,405504.0,149759.08102282145,849.0,849.0,0.0,88064.0,47923.2,1.8376068376068377,0,0,0,0,0,supplied_telemetry,supplied_telemetry.jsonl
8480,10.0,5,5,0,0,0.0,0.0,0,0,0,1.42,1.9,0.26381811916545833,71.7,71.7,0.0,3276.8,16384.0,6553.6,390758.4,1187840.0,424734.46275318885,848.8,849.0,0.4,195379.2,1638.4,119.25,0,0,0,0,0,supplied_telemetry,supplied_telemetry.jsonl
8481,10.0,5,5,0,0,0.0,0.0,0,0,0,1.56,2.8,0.6529931086925802,71.88,72.1,0.15999999999999728,342425.6,1703936.0,680757.6644961406,136806.4,364544.0,141619.75531344488,848.0,848.0,0.0,68403.2,171212.8,0.3995215311004785,0,0,0,0,0,supplied_telemetry,supplied_telemetry.jsonl
8482,10.0,5,5,0,0,0.0,0.0,0,0,0,3.0000000000000004,6.9,2.1549941995281565,71.75999999999999,71.9,0.08000000000000042,838041.6,2121728.0,1018320.6292451507,167936.0,282624.0,117976.17722913386,848.0,848.0,0.0,83968.0,419020.8,0.20039100684261976,0,0,0,0,0,supplied_telemetry,supplied_telemetry.jsonl
8483,10.0,5,5,0,0,0.0,0.0,0,0,0,1.6199999999999999,2.3,0.4445222154178573,71.36,71.5,0.08000000000000185,36864.0,167936.0,65842.48335535347,371916.8,1216512.0,443060.7435114964,831.6,838.0,3.2,185958.4,18432.0,10.088888888888889,0,0,0,0,0,supplied_telemetry,supplied_telemetry.jsonl
8484,10.0,5,5,0,0,0.0,0.0,0,0,0,1.46,2.2,0.47159304490206394,71.53999999999999,71.8,0.20591260281974072,0.0,0.0,0.0,123699.2,319488.0,133265.48603805862,830.0,830.0,0.0,61849.6,0.0,61849.6,0,0,0,0,0,supplied_telemetry,supplied_telemetry.jsonl
8485,10.0,5,5,0,0,0.0,0.0,0,0,0,1.7400000000000002,2.6,0.6248199740725324,71.52000000000001,71.7,0.14696938456699007,36044.8,163840.0,64211.90391321534,110592.0,253952.0,112113.73790575356,829.8,830.0,0.4,55296.0,18022.4,3.068181818181818,0,0,0,0,0,supplied_telemetry,supplied_telemetry.jsonl
8486,10.0,6,5,1,0,0.1,0.0,0,1,0,1.58,2.5,0.4707440918375928,71.28,71.3,0.039999999999997725,6553.6,32768.0,13107.2,398950.4,1269760.0,448055.22237938485,829.2,830.0,0.4,199475.2,3276.8,60.875,0,0,0,0,0,supplied_telemetry,supplied_telemetry.jsonl
8487,10.0,5,5,0,0,0.0,0.0,0,0,0,1.58,3.0,0.7277362159464101,71.53999999999999,71.8,0.20591260281974072,819.2,4096.0,1638.4,127795.2,315392.0,132583.9199758402,830.0,830.0,0.0,63897.6,409.6,156.0,0,0,0,0,0,supplied_telemetry,supplied_telemetry.jsonl
8488,10.0,6,5,1,0,0.1,0.0,0,1,0,1.3399999999999999,1.9,0.33226495451672294,71.46,71.6,0.07999999999999545,149913.6,671744.0,262036.45794095143,108134.4,278528.0,107767.62038683047,830.6,831.0,0.48989794855663565,54067.2,74956.8,0.721311475409836,0,0,0,0,0,supplied_telemetry,supplied_telemetry.jsonl
8489,10.0,5,5,0,0,0.0,0.0,0,0,0,1.5999999999999999,2.3,0.42426406871192845,71.4,71.4,0.0,5734.4,16384.0,7141.620029097039,335052.8,970752.0,342376.6012790009,831.0,831.0,0.0,167526.4,2867.2,58.42857142857143,0,0,0,0,0,supplied_telemetry,supplied_telemetry.jsonl
8490,10.0,5,5,0,0,0.0,0.0,0,0,0,1.5999999999999999,2.1,0.33466401061363027,71.64,71.9,0.2059126028197385,3276.8,16384.0,6553.6,125337.6,335872.0,136725.43712067627,831.0,831.0,0.0,62668.8,1638.4,38.25,0,0,0,0,0,supplied_telemetry,supplied_telemetry.jsonl
8491,10.0,5,5,0,0,0.0,0.0,0,0,0,1.58,2.0,0.3487119154832539,71.6,71.7,0.12649110640673472,3276.8,16384.0,6553.6,98304.0,245760.0,100096.72020201261,831.0,831.0,0.0,49152.0,1638.4,30.0,0,0,0,0,0,supplied_telemetry,supplied_telemetry.jsonl
8492,10.0,6,5,1,0,0.1,0.0,0,1,0,1.48,2.5,0.5381449618829484,71.35999999999999,71.4,0.04898979485566774,0.0,0.0,0.0,374374.4,1310720.0,483755.4611435823,830.4,831.0,0.7999999999999999,187187.2,0.0,187187.2,0,0,0,0,0,supplied_telemetry,supplied_telemetry.jsonl
8493,10.0,5,5,0,0,0.0,0.0,0,0,0,1.64,2.2,0.3555277766926236,71.75999999999999,72.3,0.3006659275674562,1638.4,4096.0,2006.6219972879796,164659.2,495616.0,187870.2635654722,830.0,830.0,0.0,82329.6,819.2,100.5,0,0,0,0,0,supplied_telemetry,supplied_telemetry.jsonl
8494,10.0,5,5,0,0,0.0,0.0,0,0,0,1.46,2.3,0.4586937976471885,71.44000000000001,71.6,0.07999999999999545,366182.4,1753088.0,693817.4247525354,108953.6,262144.0,103414.06368110674,830.0,830.0,0.0,54476.8,183091.2,0.2975391498881432,0,0,0,0,0,supplied_telemetry,supplied_telemetry.jsonl
8495,10.0,5,5,0,0,0.0,0.0,0,0,0,1.5400000000000003,2.2,0.37202150475476553,71.4,71.4,0.0,32768.0,131072.0,50763.96731540986,396492.8,647168.0,173496.42606855047,830.0,830.0,0.0,198246.4,16384.0,12.1,0,0,0,0,0,supplied_telemetry,supplied_telemetry.jsonl
8496,10.0,5,5,0,0,0.0,0.0,0,0,0,1.44,1.9,0.2576819745345025,71.72,72.1,0.2315167380558014,0.0,0.0,0.0,113049.6,253952.0,113470.28971074324,830.0,830.0,0.0,56524.8,0.0,56524.8,0,0,0,0,0,supplied_telemetry,supplied_telemetry.jsonl
8497,10.0,5,5,0,0,0.0,0.0,0,0,0,1.6800000000000002,2.6,0.5491812087098392,71.52000000000001,71.7,0.11661903789690377,0.0,0.0,0.0,120422.4,270336.0,115956.59528909945,830.0,830.0,0.0,60211.2,0.0,60211.2,0,0,0,0,0,supplied_telemetry,supplied_telemetry.jsonl
8498,10.0,5,5,0,0,0.0,0.0,0,0,0,1.5399999999999998,2.1,0.36110940170535577,71.38,71.4,0.04000000000000341,652902.4,3252224.0,1299669.5134911183,975667.2,2662400.0,991808.657386373,830.0,830.0,0.0,487833.6,326451.2,1.49435382685069,0,0,0,0,0,supplied_telemetry,supplied_telemetry.jsonl
8499,10.0,5,5,0,0,0.0,0.0,0,0,0,1.72,2.8,0.643117407632541,71.75999999999999,72.3,0.3006659275674562,819.2,4096.0,1638.4000000000003,140083.2,389120.0,147191.79886719232,830.0,830.0,0.0,70041.6,409.6,171.0,0,0,0,0,0,supplied_telemetry,supplied_telemetry.jsonl
8500,10.0,6,5,1,0,0.1,0.0,0,1,0,1.42,1.8,0.20396078054371142,71.5,71.5,0.0,2457.6,12288.0,4915.2,217907.2,516096.0,189683.27903365652,830.6,831.0,0.48989794855663565,108953.6,1228.8,88.66666666666667,0,0,0,0,0,supplied_telemetry,supplied_telemetry.jsonl
8501,10.0,5,5,0,0,0.0,0.0,0,0,0,1.8,3.1,0.7797435475847171,71.5,71.5,0.0,598016.0,2424832.0,939276.3010369206,407142.4,1462272.0,538611.3847952344,831.2,832.0,0.4,203571.2,299008.0,0.6808219178082192,0,0,0,0,0,supplied_telemetry,supplied_telemetry.jsonl
8502,10.0,5,5,0,0,0.0,0.0,0,0,0,1.52,1.9,0.2785677655436824,71.86,72.3,0.257681974534502,2457.6,12288.0,4915.200000000001,115507.2,290816.0,118299.96829483936,831.0,831.0,0.0,57753.6,1228.8,47.0,0,0,0,0,0,supplied_telemetry,supplied_telemetry.jsonl
8503,10.0,5,5,0,0,0.0,0.0,0,0,0,1.56,2.6,0.531413210223457,71.62,71.8,0.11661903789690571,0.0,0.0,0.0,102400.0,249856.0,101627.03463941079,831.0,831.0,0.0,51200.0,0.0,51200.0,0,0,0,0,0,supplied_telemetry,supplied_telemetry.jsonl
8504,10.0,5,5,0,0,0.0,0.0,0,0,0,1.44,2.0,0.29393876913398137,71.47999999999999,71.5,0.039999999999997725,39321.6,196608.0,78643.20000000001,376832.0,729088.0,283731.903835998,830.6,831.0,0.48989794855663565,188416.0,19660.8,9.583333333333334,0,0,0,0,0,supplied_telemetry,supplied_telemetry.jsonl
8505,10.0,5,5,0,0,0.0,0.0,0,0,0,1.72,3.1,0.7025667228100119,71.82,72.3,0.2925747767665534,0.0,0.0,0.0,199884.8,430080.0,155699.7303509547,830.0,830.0,0.0,99942.4,0.0,99942.4,0,0,0,0,0,supplied_telemetry,supplied_telemetry.jsonl
8506,10.0,5,5,0,0,0.0,0.0,0,0,0,1.42,1.9,0.29257477676655586,71.53999999999999,71.7,0.08000000000000114,1638.4,8192.0,3276.8,114688.0,335872.0,129111.74159463577,829.6,830.0,0.48989794855663565,57344.0,819.2,70.0,0,0,0,0,0,supplied_telemetry,supplied_telemetry.jsonl
8507,10.0,12,5,7,0,0.7,0.0,0,1,1,2.7,4.4,1.378404875209022,71.5,71.7,0.21908902300206956,530841.6,1335296.0,559775.6106875683,498073.6,1675264.0,611545.8313413967,833.8,839.0,4.069397989875161,249036.8,265420.8,0.9382716049382716,0,0,0,0,0,supplied_telemetry,supplied_telemetry.jsonl
8508,10.0,8,5,3,0,0.3,0.0,0,1,0,1.9400000000000002,2.7,0.5003998401278722,71.38,71.9,0.2785677655436855,72908.8,184320.0,66622.67080326336,166297.6,409600.0,165502.73088453859,839.0,839.0,0.0,83148.8,36454.4,2.2808988764044944,0,0,0,0,0,supplied_telemetry,supplied_telemetry.jsonl
8509,10.0,14,5,9,0,0.9,0.0,0,2,1,4.42,7.6,2.305992194262591,71.18,71.2,0.040000000000003415,3256320.0,11059200.0,4004314.625985925,393216.0,1011712.0,341174.91790575697,847.8,848.0,0.4000000000000001,196608.0,1628160.0,0.12075471698113208,0,0,0,0,0,supplied_telemetry,supplied_telemetry.jsonl
8510,10.0,8,5,3,0,0.3,0.0,0,1,0,2.5,3.9,0.8318653737234168,71.2,71.2,0.0,92569.6,192512.0,63380.88512351338,1000243.2,3207168.0,1133920.1753926773,850.4,851.0,1.2,500121.6,46284.8,10.805309734513273,0,0,0,0,0,supplied_telemetry,supplied_telemetry.jsonl
8511,10.0,5,5,0,0,0.0,0.0,0,0,0,3.3599999999999994,5.4,1.6230834852218787,71.34,71.9,0.28000000000000114,6833766.4,19804160.0,7990605.297634006,1401651.2,6201344.0,2404308.597359532,851.0,851.0,0.0,700825.6,3416883.2,0.20510668904339485,0,0,0,0,0,supplied_telemetry,supplied_telemetry.jsonl
8512,10.0,6,5,1,0,0.1,0.0,0,1,0,1.7399999999999998,2.3,0.3929376540877699,71.12,71.2,0.040000000000003415,659456.0,1900544.0,677424.4118754505,181862.4,471040.0,183939.133612834,848.6,849.0,0.48989794855663565,90931.2,329728.0,0.27577639751552796,0,0,0,0,0,supplied_telemetry,supplied_telemetry.jsonl
8513,10.0,14,4,10,0,1.0,0.0,0,3,1,4.3,7.0,2.564176280991617,71.15,71.2,0.05000000000000426,4145152.0,12722176.0,5168389.217888297,1440768.0,3215360.0,1259659.4394359135,855.5,859.0,3.5,576307.2,1658060.8,0.3475790513833992,0,0,0,0,0,supplied_telemetry,supplied_telemetry.jsonl
8514,10.0,6,5,1,0,0.1,0.0,0,1,0,2.04,2.6,0.4715930449020638,71.32,71.6,0.20396078054371233,375193.6,978944.0,390876.02422538016,210534.4,364544.0,161126.45694311036,849.6,850.0,0.48989794855663565,105267.2,187596.8,0.5611353711790393,0,0,0,0,0,supplied_telemetry,supplied_telemetry.jsonl
8515,10.0,5,5,0,0,0.0,0.0,0,0,0,2.74,4.9,1.2531560158256434,71.05999999999999,71.3,0.1496662954709537,1799782.4,8355840.0,3282911.2676097476,362086.4,573440.0,166452.8930089231,836.2,844.0,3.9191835884530852,181043.2,899891.2,0.20118343195266275,0,0,0,0,0,supplied_telemetry,supplied_telemetry.jsonl
8516,10.0,5,5,0,0,0.0,0.0,0,0,0,1.44,1.8,0.25768197453450253,70.8,70.8,0.0,0.0,0.0,0.0,849510.4,3203072.0,1187511.1445468797,832.2,834.0,1.469693845669907,424755.2,0.0,424755.2,0,0,0,0,0,supplied_telemetry,supplied_telemetry.jsonl
8517,10.0,5,5,0,0,0.0,0.0,0,0,0,1.7,3.3,0.841427358718505,70.97999999999999,71.2,0.1600000000000012,27033.6,131072.0,52043.38335504332,173670.4,438272.0,181902.9864621249,831.0,831.0,0.0,86835.2,13516.8,6.424242424242425,0,0,0,0,0,supplied_telemetry,supplied_telemetry.jsonl
8518,10.0,5,5,0,0,0.0,0.0,0,0,0,1.4599999999999997,2.3,0.4586937976471885,70.86,71.0,0.08000000000000185,92569.6,462848.0,185139.2,165478.4,425984.0,170456.60373666958,831.0,831.0,0.0,82739.2,46284.8,1.7876106194690264,0,0,0,0,0,supplied_telemetry,supplied_telemetry.jsonl
8519,10.0,5,5,0,0,0.0,0.0,0,0,0,1.64,2.2,0.397994974842648,70.74,70.8,0.04898979485566078,191692.8,462848.0,184463.75904919644,595558.4,2158592.0,795221.7067524252,830.2,831.0,0.4000000000000001,297779.2,95846.4,3.1068376068376073,0,0,0,0,0,supplied_telemetry,supplied_telemetry.jsonl
8520,10.0,5,5,0,0,0.0,0.0,0,0,0,1.8599999999999999,3.0,0.6974238309665077,71.03999999999999,71.3,0.20591260281974072,2975334.4,14655488.0,5840705.041703154,3602841.6,17199104.0,6800032.401644028,830.0,830.0,0.0,1801420.8,1487667.2,1.2109030837004406,0,0,0,0,0,supplied_telemetry,supplied_telemetry.jsonl
8521,10.0,7,5,2,0,0.2,0.0,0,2,0,13.14,36.5,12.70285007390074,71.8,73.6,1.4872793954062558,14281113.6,33775616.0,12986516.30393792,7004160.0,28360704.0,10787052.837498702,830.6,832.0,0.8,3502080.0,7140556.8,0.490449148167269,0,0,0,0,0,supplied_telemetry,supplied_telemetry.jsonl
8522,10.0,2,2,0,0,0.0,0.0,0,0,0,4.6,6.3,1.7,69.1,69.2,0.10000000000000142,2338816.0,4378624.0,2039808.0,7737344.0,15409152.0,7671808.0,832.0,832.0,0.0,1547468.8,467763.2,3.308231173380035,0,0,0,0,0,supplied_telemetry,supplied_telemetry.jsonl
8624,10.0,3,2,1,0,0.1,0.0,0,1,0,16.15,25.2,9.05,69.55,69.6,0.04999999999999716,20193280.0,30453760.0,10260480.0,5844992.0,11448320.0,5603328.0,833.0,833.0,0.0,1168998.4,4038656.0,0.2894523326572008,0,0,0,0,0,supplied_telemetry,supplied_telemetry.jsonl
8730,10.0,1,1,0,0,0.0,0.0,0,0,0,5.8,5.8,0.0,69.4,69.4,0.0,380928.0,380928.0,0.0,9687040.0,9687040.0,0.0,833.0,833.0,0.0,968704.0,38092.8,25.43010752688172,0,0,0,0,0,supplied_telemetry,supplied_telemetry.jsonl
8731,10.0,2,2,0,0,0.0,0.0,0,0,0,12.899999999999999,16.7,3.8,69.6,69.7,0.10000000000000142,17117184.0,25575424.0,8458240.0,1300480.0,1449984.0,149504.0,833.0,833.0,0.0,260096.0,3423436.8,0.07597511366355587,0,0,0,0,0,supplied_telemetry,supplied_telemetry.jsonl
8838,10.0,4,2,2,0,0.2,0.0,0,2,0,20.0,24.6,4.6000000000000005,70.05,70.1,0.04999999999999716,11171840.0,13856768.0,2684928.0,5279744.0,9531392.0,4251648.0,835.5,836.0,0.5,1055948.8,2234368.0,0.47259395050412467,0,0,0,0,0,supplied_telemetry,supplied_telemetry.jsonl
8839,10.0,1,1,0,0,0.0,0.0,0,0,0,4.5,4.5,0.0,69.9,69.9,0.0,21549056.0,21549056.0,0.0,2768896.0,2768896.0,0.0,836.0,836.0,0.0,276889.6,2154905.6,0.12849268199961983,0,0,0,0,0,supplied_telemetry,supplied_telemetry.jsonl
8932,10.0,3,1,2,0,0.2,0.0,0,2,0,30.8,30.8,0.0,70.4,70.4,0.0,32780288.0,32780288.0,0.0,10080256.0,10080256.0,0.0,836.0,836.0,0.0,1008025.6,3278028.8,0.3075096838685493,0,0,0,0,0,supplied_telemetry,supplied_telemetry.jsonl
8933,10.0,1,1,0,0,0.0,0.0,0,0,0,15.2,15.2,0.0,70.4,70.4,0.0,25133056.0,25133056.0,0.0,13844480.0,13844480.0,0.0,836.0,836.0,0.0,1384448.0,2513305.6,0.5508474576271186,0,0,0,0,0,supplied_telemetry,supplied_telemetry.jsonl
8973,10.0,4,3,1,0,0.1,0.0,0,1,0,25.7,37.3,9.681941953967705,73.26666666666667,74.4,0.8178562764256883,49640789.333333336,70197248.0,16993113.967278343,10070698.666666666,13250560.0,2255346.3556656265,836.3333333333334,837.0,0.4714045207910317,3021209.6,14892236.8,0.20287144507398647,0,0,0,0,0,supplied_telemetry,supplied_telemetry.jsonl
8974,10.0,5,5,0,0,0.0,0.0,0,0,0,15.940000000000001,23.7,6.4639306926977484,70.00000000000001,72.0,1.021763181955583,10198220.8,25448448.0,8999162.902137207,6654361.6,16101376.0,6823676.66369155,835.8,836.0,0.4,3327180.8,5099110.4,0.652502209012772,0,0,0,0,0,supplied_telemetry,supplied_telemetry.jsonl
8975,10.0,5,5,0,0,0.0,0.0,0,0,0,7.840000000000001,18.8,6.287956742853756,70.38,71.9,0.9325234581499825,66355.2,114688.0,43223.960644068706,3288268.8,12517376.0,4684472.84128041,835.0,835.0,0.0,1644134.4,33177.6,49.55555555555556,0,0,0,0,0,supplied_telemetry,supplied_telemetry.jsonl
8976,10.0,5,5,0,0,0.0,0.0,0,0,0,2.58,3.3,0.42142615011410944,69.64000000000001,69.8,0.10198039027185603,190054.4,483328.0,210338.27440729848,273612.8,802816.0,313641.2874698737,835.0,835.0,0.0,136806.4,95027.2,1.4396551724137931,0,0,0,0,0,supplied_telemetry,supplied_telemetry.jsonl
8977,10.0,8,5,3,0,0.3,0.0,0,1,0,4.160000000000001,8.4,2.1601851772475436,69.72,69.8,0.07483314773547912,213811.2,479232.0,172078.80506140203,937164.8,3686400.0,1386839.065622021,835.8,837.0,0.9797958971132713,468582.4,106905.6,4.383141762452107,0,0,0,0,0,supplied_telemetry,supplied_telemetry.jsonl
8978,10.0,5,5,0,0,0.0,0.0,0,0,0,6.4,9.3,2.2574321695235944,70.44,70.9,0.39293765408777187,15287910.4,34213888.0,12200602.941487927,826572.8,2555904.0,872012.9078472176,837.4,839.0,0.8,413286.4,7643955.2,0.05406708820062159,0,0,0,0,0,supplied_telemetry,supplied_telemetry.jsonl
8979,10.0,5,5,0,0,0.0,0.0,0,0,0,4.96,6.7,1.1655041827466774,70.17999999999999,70.4,0.1166190378969106,1690828.8,6529024.0,2434535.6026201304,856883.2,2756608.0,973357.8446015422,837.0,837.0,0.0,428441.6,845414.4,0.5067829457364341,0,0,0,0,0,supplied_telemetry,supplied_telemetry.jsonl
8980,10.0,5,5,0,0,0.0,0.0,0,0,0,7.639999999999999,10.5,2.243746866293076,70.5,70.6,0.06324555320336399,2528870.4,6258688.0,2355261.403582167,2030796.8,7106560.0,2624862.2781156655,837.0,837.0,0.0,1015398.4,1264435.2,0.8030450275348235,0,0,0,0,0,supplied_telemetry,supplied_telemetry.jsonl
8981,10.0,5,5,0,0,0.0,0.0,0,0,0,3.0200000000000005,4.1,0.7678541528180985,70.9,71.6,0.4427188724235724,17203.2,32768.0,14745.6,571801.6,1605632.0,545667.1460946132,836.2,837.0,1.6,285900.8,8601.6,33.238095238095234,0,0,0,0,0,supplied_telemetry,supplied_telemetry.jsonl
8982,10.0,5,5,0,0,0.0,0.0,0,0,0,2.28,2.7,0.24819347291981714,70.38000000000001,70.5,0.09797958971132852,135168.0,675840.0,270336.0,175308.8,352256.0,140807.11196583786,832.6,833.0,0.48989794855663565,87654.4,67584.0,1.2969696969696969,0,0,0,0,0,supplied_telemetry,supplied_telemetry.jsonl
8983,10.0,5,5,0,0,0.0,0.0,0,0,0,2.52,2.9,0.31240998703626616,70.3,70.3,0.0,217088.0,851968.0,329497.6785642048,473497.6,1597440.0,581721.9896581527,832.0,832.0,0.0,236748.8,108544.0,2.181132075471698,0,0,0,0,0,supplied_telemetry,supplied_telemetry.jsonl
8984,10.0,6,5,1,0,0.1,0.0,0,1,0,2.5,3.6,0.5865151319446071,70.88,71.2,0.3059411708155688,0.0,0.0,0.0,181862.4,327680.0,129646.00293661199,832.6,833.0,0.48989794855663565,90931.2,0.0,90931.2,0,0,0,0,0,supplied_telemetry,supplied_telemetry.jsonl
8985,10.0,8,5,3,0,0.3,0.0,0,3,0,2.38,3.1,0.4445222154178574,70.74,70.8,0.04898979485566078,10649.6,53248.0,21299.2,150732.8,409600.0,158391.84864682905,833.0,833.0,0.0,75366.4,5324.8,14.153846153846152,0,0,0,0,0,supplied_telemetry,supplied_telemetry.jsonl
8986,10.0,5,5,0,0,0.0,0.0,0,0,0,2.54,3.0,0.27999999999999997,70.55999999999999,70.6,0.04898979485566078,693043.2,3465216.0,1386086.4,476774.4,1662976.0,608233.7956889933,833.0,833.0,0.0,238387.2,346521.6,0.6879432624113476,0,0,0,0,0,supplied_telemetry,supplied_telemetry.jsonl
8987,10.0,5,5,0,0,0.0,0.0,0,0,0,3.04,6.2,1.58694675399019,70.9,71.3,0.2607680962081053,0.0,0.0,0.0,192512.0,430080.0,155259.47297604743,833.0,833.0,0.0,96256.0,0.0,96256.0,0,0,0,0,0,supplied_telemetry,supplied_telemetry.jsonl
8988,10.0,5,5,0,0,0.0,0.0,0,0,0,6.120000000000001,9.4,3.1631629739866396,70.58,70.7,0.07483314773547912,0.0,0.0,0.0,659456.0,2564096.0,964682.3512746566,833.0,833.0,0.0,329728.0,0.0,329728.0,0,0,0,0,0,supplied_telemetry,supplied_telemetry.jsonl
8989,10.0,5,5,0,0,0.0,0.0,0,0,0,2.9799999999999995,4.4,0.8818163074019442,70.5,70.6,0.06324555320336399,6553.6,24576.0,9553.431584514541,720896.0,1552384.0,652707.5925184262,832.4,833.0,0.8,360448.0,3276.8,110.0,0,0,0,0,0,supplied_telemetry,supplied_telemetry.jsonl
8990,10.0,6,5,1,0,0.1,0.0,0,1,0,5.1,9.7,2.5019992006393603,70.88,71.4,0.35440090293338744,0.0,0.0,0.0,235110.4,516096.0,192914.20792632145,831.6,832.0,0.48989794855663565,117555.2,0.0,117555.2,0,0,0,0,0,supplied_telemetry,supplied_telemetry.jsonl
8991,10.0,5,5,0,0,0.0,0.0,0,0,0,3.0599999999999996,5.9,1.4485855169785455,70.46,70.6,0.11999999999999696,327680.0,1622016.0,647199.1081131061,224460.8,356352.0,117788.3124225829,832.0,832.0,0.0,112230.4,163840.0,0.6849999999999999,0,0,0,0,0,supplied_telemetry,supplied_telemetry.jsonl
8992,10.0,5,5,0,0,0.0,0.0,0,0,0,7.220000000000001,9.9,1.6338910612400082,70.42,70.5,0.039999999999997725,26214.4,69632.0,32210.293966991358,477593.6,1486848.0,517061.2332548631,832.0,832.0,0.0,238796.8,13107.2,18.218749999999996,0,0,0,0,0,supplied_telemetry,supplied_telemetry.jsonl
8993,10.0,5,5,0,0,0.0,0.0,0,0,0,2.4,3.0,0.3577708763999663,70.96,71.5,0.3555277766926209,0.0,0.0,0.0,170393.6,385024.0,140119.12521793734,832.0,832.0,0.0,85196.8,0.0,85196.8,0,0,0,0,0,supplied_telemetry,supplied_telemetry.jsonl
8994,10.0,5,5,0,0,0.0,0.0,0,0,0,2.12,2.4,0.17204650534085256,70.7,70.9,0.12649110640673922,0.0,0.0,0.0,221184.0,454656.0,172985.09316585635,832.0,832.0,0.0,110592.0,0.0,110592.0,0,0,0,0,0,supplied_telemetry,supplied_telemetry.jsonl
8995,10.0,5,5,0,0,0.0,0.0,0,0,0,2.32,2.9,0.3709447398198282,70.58,70.6,0.039999999999997725,0.0,0.0,0.0,312115.2,1056768.0,383884.147643739,832.0,832.0,0.0,156057.6,0.0,156057.6,0,0,0,0,0,supplied_telemetry,supplied_telemetry.jsonl
8996,10.0,6,5,1,0,0.1,0.0,0,1,0,2.46,3.0,0.4029888335921976,70.93999999999998,71.3,0.3006659275674547,3276.8,16384.0,6553.600000000001,160563.2,393216.0,166065.3984795147,831.6,832.0,0.48989794855663565,80281.6,1638.4,49.0,0,0,0,0,0,supplied_telemetry,supplied_telemetry.jsonl
8997,10.0,6,5,1,0,0.1,0.0,0,1,0,3.94,9.2,2.6431799030712986,70.8,70.9,0.06324555320336848,91750.4,450560.0,179432.8526013004,235929.6,380928.0,108016.42048799802,832.6,833.0,0.48989794855663565,117964.8,45875.2,2.5714285714285716,0,0,0,0,0,supplied_telemetry,supplied_telemetry.jsonl
8998,10.0,5,5,0,0,0.0,0.0,0,0,0,6.9799999999999995,8.2,0.9086253353280436,70.73999999999998,71.2,0.31999999999999834,793804.8,2871296.0,1094413.7957680174,1549107.2,4857856.0,1741027.2408858396,833.0,833.0,0.0,774553.6,396902.4,1.9514963880288956,0,0,0,0,0,supplied_telemetry,supplied_telemetry.jsonl
8999,10.0,5,5,0,0,0.0,0.0,0,0,0,2.46,2.7,0.1854723699099141,70.66,70.9,0.20591260281974239,5734.4,28672.0,11468.8,607846.4,2375680.0,893861.7004565303,833.0,833.0,0.0,303923.2,2867.2,106.00000000000001,0,0,0,0,0,supplied_telemetry,supplied_telemetry.jsonl
9000,10.0,5,5,0,0,0.0,0.0,0,0,0,2.3600000000000003,3.0,0.36110940170535577,70.28,70.6,0.1599999999999966,2457.6,12288.0,4915.200000000001,897843.2,2375680.0,860126.4511552706,833.0,833.0,0.0,448921.6,1228.8,365.3333333333333,0,0,0,0,0,supplied_telemetry,supplied_telemetry.jsonl
9001,10.0,4,4,0,0,0.0,0.0,0,0,0,2.3000000000000003,2.9,0.35355339059327373,70.15,70.2,0.05000000000000426,3072.0,12288.0,5320.860080851591,882688.0,3014656.0,1234631.4961153388,832.5,833.0,0.8660254037844386,353075.2,1228.8,287.33333333333337,0,0,0,0,0,supplied_telemetry,supplied_telemetry.jsonl
9002,10.0,6,5,1,0,0.1,0.0,0,1,0,2.72,3.9,0.64,70.52000000000001,70.8,0.34292856398964633,16384.0,49152.0,20724.30287367949,343244.8,1142784.0,409693.3781561034,831.4,832.0,0.48989794855663565,171622.4,8192.0,20.95,0,0,0,0,0,supplied_telemetry,supplied_telemetry.jsonl
9003,10.0,5,5,0,0,0.0,0.0,0,0,0,3.7600000000000002,5.7,1.2289833196589774,70.55999999999999,70.8,0.1624807680927166,324403.2,1327104.0,514196.6420949869,317030.4,978944.0,349977.733889229,832.0,832.0,0.0,158515.2,162201.6,0.9772727272727273,0,0,0,0,0,supplied_telemetry,supplied_telemetry.jsonl
9004,10.0,5,5,0,0,0.0,0.0,0,0,0,2.4,3.1,0.4979959839195493,70.4,70.4,0.0,10649.6,32768.0,13609.572537004975,450560.0,1277952.0,432169.73447755456,832.0,832.0,0.0,225280.0,5324.8,42.30769230769231,0,0,0,0,0,supplied_telemetry,supplied_telemetry.jsonl
9005,10.0,5,5,0,0,0.0,0.0,0,0,0,2.3200000000000003,2.6,0.17204650534085253,70.58,70.8,0.2315167380558051,3276.8,16384.0,6553.6,119603.2,315392.0,120380.59682590047,832.0,832.0,0.0,59801.6,1638.4,36.5,0,0,0,0,0,supplied_telemetry,supplied_telemetry.jsonl
9006,10.0,5,5,0,0,0.0,0.0,0,0,0,2.14,2.4,0.18547236990991403,70.53999999999999,70.6,0.04898979485566078,6553.6,32768.0,13107.200000000003,135168.0,303104.0,134208.86370728276,832.0,832.0,0.0,67584.0,3276.8,20.625,0,0,0,0,0,supplied_telemetry,supplied_telemetry.jsonl
9007,10.0,6,5,1,0,0.1,0.0,0,1,0,5.7,12.8,3.8527911960032304,70.82000000000001,71.4,0.36000000000000054,4345036.8,21655552.0,8655279.455256112,3127705.6,14778368.0,5826221.929819618,832.2,833.0,0.4,1563852.8,2172518.4,0.7198340874811464,0,0,0,0,0,supplied_telemetry,supplied_telemetry.jsonl
9008,10.0,10,5,5,0,0.5,0.0,0,2,1,6.4,7.9,1.188276062201036,70.74,71.4,0.3666060555964707,6862438.4,20086784.0,6811467.261294283,572620.8,1396736.0,499714.6858944211,834.4,836.0,1.3564659966250538,286310.4,3431219.2,0.08344275993792527,0,0,0,0,0,supplied_telemetry,supplied_telemetry.jsonl
9009,10.0,6,5,1,0,0.1,0.0,0,1,0,4.700000000000001,10.4,3.1086974764360717,70.16,70.3,0.08000000000000185,5345280.0,17477632.0,7031968.137043625,325222.4,831488.0,292152.494028444,836.4,837.0,0.48989794855663565,162611.2,2672640.0,0.06084291187739464,0,0,0,0,0,supplied_telemetry,supplied_telemetry.jsonl
9010,10.0,5,5,0,0,0.0,0.0,0,0,0,2.1399999999999997,3.0,0.5043808085167396,70.05999999999999,70.1,0.04898979485566078,22937.6,114688.0,45875.2,751206.4,2994176.0,1130563.0774302867,836.8,837.0,0.4,375603.2,11468.8,32.75,0,0,0,0,0,supplied_telemetry,supplied_telemetry.jsonl
9011,10.0,5,5,0,0,0.0,0.0,0,0,0,2.0799999999999996,2.8,0.40693979898751603,70.24,70.5,0.20591260281974072,9830.4,16384.0,6655.212261077779,127795.2,356352.0,134043.75124324145,836.0,836.0,0.0,63897.6,4915.2,13.0,0,0,0,0,0,supplied_telemetry,supplied_telemetry.jsonl
9012,10.0,5,5,0,0,0.0,0.0,0,0,0,1.9,2.2,0.15491933384829673,70.14,70.3,0.10198039027185603,78643.2,212992.0,82507.71578561606,122880.0,299008.0,122085.53843269071,835.0,836.0,1.2649110640673518,61440.0,39321.6,1.5625,0,0,0,0,0,supplied_telemetry,supplied_telemetry.jsonl
9013,10.0,5,5,0,0,0.0,0.0,0,0,0,5.32,12.2,4.461120935370391,70.32000000000001,71.0,0.4118252056394792,982220.8,4759552.0,1889577.4527467669,932249.6,2945024.0,1129375.2775267572,832.8,833.0,0.4,466124.8,491110.4,0.9491242702251876,0,0,0,0,0,supplied_telemetry,supplied_telemetry.jsonl
9014,10.0,5,5,0,0,0.0,0.0,0,0,0,6.6800000000000015,14.0,3.9635337768208814,70.96000000000001,72.2,0.6829348431585555,3004006.4,8024064.0,2789483.1796148615,1411481.6,3276800.0,1292119.1506807103,832.0,832.0,0.0,705740.8,1502003.2,0.4698663757840197,0,0,0,0,0,supplied_telemetry,supplied_telemetry.jsonl
9015,10.0,5,5,0,0,0.0,0.0,0,0,0,4.36,6.5,1.6131955864060625,70.72,71.0,0.27856776554368307,840499.2,3371008.0,1280196.0031692646,249036.8,528384.0,195433.71985652833,832.0,832.0,0.0,124518.4,420249.6,0.2962962962962963,0,0,0,0,0,supplied_telemetry,supplied_telemetry.jsonl
9016,10.0,5,5,0,0,0.0,0.0,0,0,0,2.4,2.8,0.3847076812334269,70.16,70.4,0.13564659966250853,203161.6,1015808.0,406323.20000000007,1096089.6,4644864.0,1778291.6908405775,832.0,832.0,0.0,548044.8,101580.8,5.395161290322581,0,0,0,0,0,supplied_telemetry,supplied_telemetry.jsonl
9017,10.0,5,5,0,0,0.0,0.0,0,0,0,2.0599999999999996,2.8,0.4079215610874227,70.11999999999999,70.4,0.23151673805580536,6553.6,20480.0,7596.94827151008,169574.4,331776.0,136749.97638844405,832.0,832.0,0.0,84787.2,3276.8,25.874999999999996,0,0,0,0,0,supplied_telemetry,supplied_telemetry.jsonl
9018,10.0,5,5,0,0,0.0,0.0,0,0,0,1.9600000000000002,2.5,0.28,70.05999999999999,70.2,0.11999999999999982,88473.6,409600.0,160730.29672541516,184320.0,380928.0,152049.34609527263,831.8,832.0,0.4,92160.0,44236.8,2.083333333333333,0,0,0,0,0,supplied_telemetry,supplied_telemetry.jsonl
9019,10.0,5,5,0,0,0.0,0.0,0,0,0,1.9400000000000002,2.4,0.30724582991474425,69.9,69.9,0.0,32768.0,163840.0,65536.0,502169.6,1818624.0,677511.5832260286,831.0,831.0,0.0,251084.8,16384.0,15.325,0,0,0,0,0,supplied_telemetry,supplied_telemetry.jsonl
9020,10.0,6,5,1,0,0.1,0.0,0,1,0,2.42,3.9,0.8518215775618742,70.04,70.2,0.11999999999999696,27033.6,118784.0,46311.97786145609,299008.0,598016.0,239369.06250223733,831.6,832.0,0.48989794855663565,149504.0,13516.8,11.06060606060606,0,0,0,0,0,supplied_telemetry,supplied_telemetry.jsonl
9021,10.0,6,5,1,0,0.1,0.0,0,1,0,3.88,10.7,3.426601815209932,69.96,70.0,0.04898979485566078,1146060.8,4444160.0,1722640.282116542,236748.8,471040.0,193258.2913371636,832.6,833.0,0.48989794855663565,118374.4,573030.4,0.2065761258041458,0,0,0,0,0,supplied_telemetry,supplied_telemetry.jsonl
9022,10.0,5,5,0,0,0.0,0.0,0,0,0,2.16,3.4,0.6651315659326356,69.9,69.9,0.0,147456.0,688128.0,271005.42570509546,716800.0,2846720.0,1075903.1118192752,833.0,833.0,0.0,358400.0,73728.0,4.861111111111111,0,0,0,0,0,supplied_telemetry,supplied_telemetry.jsonl
9023,10.0,7,5,2,0,0.2,0.0,0,2,0,2.8600000000000003,6.0,1.6044936896105262,70.2,70.7,0.296647939483825,9128345.6,45608960.0,18240311.61498195,233472.0,540672.0,198544.06743491482,833.0,833.0,0.0,116736.0,4564172.8,0.025576595171856772,0,0,0,0,0,supplied_telemetry,supplied_telemetry.jsonl
9024,10.0,5,5,0,0,0.0,0.0,0,0,0,2.78,4.8,1.1720068259186889,70.14,70.3,0.10198039027185603,16384.0,49152.0,20724.30287367949,198246.4,536576.0,223772.09379688074,833.0,833.0,0.0,99123.2,8192.0,12.1,0,0,0,0,0,supplied_telemetry,supplied_telemetry.jsonl
9025,10.0,5,5,0,0,0.0,0.0,0,0,0,1.9799999999999998,2.8,0.43081318457076023,70.05999999999999,70.1,0.04898979485566078,4096.0,20480.0,8192.0,746291.2,3104768.0,1185980.9385919152,832.2,833.0,0.9797958971132713,373145.6,2048.0,182.2,0,0,0,0,0,supplied_telemetry,supplied_telemetry.jsonl
9026,10.0,6,5,1,0,0.1,0.0,0,1,0,2.3400000000000003,2.9,0.431740662898458,70.3,70.9,0.30331501776206543,121241.6,557056.0,218737.13831318176,217088.0,450560.0,172538.37854344177,831.6,832.0,0.48989794855663565,108544.0,60620.8,1.7905405405405403,0,0,0,0,0,supplied_telemetry,supplied_telemetry.jsonl
9027,10.0,5,5,0,0,0.0,0.0,0,0,0,2.48,4.0,0.8084553172563096,70.22,70.6,0.19390719429665296,398131.2,1835008.0,720963.0223389824,179404.8,442368.0,176068.9314903683,832.0,832.0,0.0,89702.4,199065.6,0.45061728395061723,0,0,0,0,0,supplied_telemetry,supplied_telemetry.jsonl
9028,10.0,5,5,0,0,0.0,0.0,0,0,0,4.0,7.5,2.0069877926883364,70.3,70.5,0.18973665961010247,7959347.2,39763968.0,15902315.464083266,872448.0,3416064.0,1277815.4593724401,832.0,832.0,0.0,436224.0,3979673.6,0.10961300946891725,0,0,0,0,0,supplied_telemetry,supplied_telemetry.jsonl
9029,10.0,5,5,0,0,0.0,0.0,0,0,0,7.959999999999999,14.7,4.649989247299395,69.58000000000001,71.4,1.0833282051160695,11105075.2,54030336.0,21465032.783457268,3570892.8,14835712.0,5642519.96320305,832.0,832.0,0.0,1785446.4,5552537.6,0.32155503098259075,0,0,0,0,0,supplied_telemetry,supplied_telemetry.jsonl
9030,10.0,5,5,0,0,0.0,0.0,0,0,0,6.1000000000000005,12.6,4.635946505299645,68.2,68.4,0.10954451150103738,649625.6,2699264.0,1038416.7050292672,584089.6,1585152.0,548304.9475237662,832.0,832.0,0.0,292044.8,324812.8,0.8991172761664565,0,0,0,0,0,supplied_telemetry,supplied_telemetry.jsonl
9031,10.0,5,5,0,0,0.0,0.0,0,0,0,1.7399999999999998,2.9,0.6118823416311342,68.28,68.4,0.07483314773547912,6553.6,16384.0,8026.487989151919,919142.4,3178496.0,1178901.3815042546,832.0,832.0,0.0,459571.2,3276.8,140.25,0,0,0,0,0,supplied_telemetry,supplied_telemetry.jsonl
9032,10.0,5,5,0,0,0.0,0.0,0,0,0,1.6800000000000002,2.4,0.44899888641287294,68.72,69.3,0.35440090293338544,166297.6,823296.0,328504.30719221936,171212.8,327680.0,133868.40942716843,832.0,832.0,0.0,85606.4,83148.8,1.0295566502463054,0,0,0,0,0,supplied_telemetry,supplied_telemetry.jsonl
9033,10.0,6,5,1,0,0.1,0.0,0,1,0,1.7,2.8,0.606630035524124,68.52000000000001,68.6,0.039999999999997725,84377.6,266240.0,104831.99687423682,171212.8,507904.0,188672.2709360334,832.6,833.0,0.48989794855663565,85606.4,42188.8,2.0291262135922326,0,0,0,0,0,supplied_telemetry,supplied_telemetry.jsonl
9034,10.0,5,5,0,0,0.0,0.0,0,0,0,1.78,2.5,0.4261455150532503,68.4,68.4,0.0,37683.2,131072.0,51707.03184055337,574259.2,1703936.0,612421.9978721861,833.0,833.0,0.0,287129.6,18841.6,15.23913043478261,0,0,0,0,0,supplied_telemetry,supplied_telemetry.jsonl
9035,10.0,5,5,0,0,0.0,0.0,0,0,0,1.4600000000000002,2.2,0.3773592452822642,68.78,69.1,0.23151673805580142,96665.6,479232.0,191289.7780453519,152371.2,344064.0,135586.88064912474,833.0,833.0,0.0,76185.6,48332.8,1.576271186440678,0,0,0,0,0,supplied_telemetry,supplied_telemetry.jsonl
9036,10.0,5,5,0,0,0.0,0.0,0,0,0,1.3599999999999999,1.7,0.21540659228538012,68.58,68.7,0.07483314773547912,9830.4,49152.0,19660.800000000003,114688.0,245760.0,105768.84053822278,833.0,833.0,0.0,57344.0,4915.2,11.666666666666668,0,0,0,0,0,supplied_telemetry,supplied_telemetry.jsonl
9037,10.0,5,5,0,0,0.0,0.0,0,0,0,3.3600000000000003,5.7,1.4277254638059798,68.67999999999999,68.8,0.09797958971132678,10046668.8,49950720.0,19952126.736324735,629145.6,2785280.0,1082130.6423565687,832.2,833.0,0.9797958971132713,314572.8,5023334.4,0.06262230919765166,0,0,0,0,0,supplied_telemetry,supplied_telemetry.jsonl
9038,10.0,6,5,1,0,0.1,0.0,0,1,0,1.94,2.7,0.4630334761116091,68.94,69.3,0.23323807579381314,46694.4,118784.0,44539.173991442636,344064.0,753664.0,285041.57880000595,831.6,832.0,0.48989794855663565,172032.0,23347.2,7.368421052631579,0,0,0,0,0,supplied_telemetry,supplied_telemetry.jsonl
9039,10.0,5,5,0,0,0.0,0.0,0,0,0,1.34,1.7,0.18547236990991406,68.64000000000001,68.7,0.04898979485566774,0.0,0.0,0.0,234291.2,376832.0,118214.84610386295,832.0,832.0,0.0,117145.6,0.0,117145.6,0,0,0,0,0,supplied_telemetry,supplied_telemetry.jsonl
9040,10.0,5,5,0,0,0.0,0.0,0,0,0,3.88,13.1,4.635687651255204,69.52000000000001,73.1,1.7904189453868045,5070848.0,25354240.0,10141696.0,606208.0,1789952.0,680019.8888009085,832.0,832.0,0.0,303104.0,2535424.0,0.11954765751211632,0,0,0,0,0,supplied_telemetry,supplied_telemetry.jsonl
9041,10.0,5,5,0,0,0.0,0.0,0,0,0,9.66,14.6,2.926841300788275,71.42,74.4,1.9145756710038924,3253862.4,11694080.0,4290619.4160277415,4010803.2,15593472.0,5854434.679872358,832.0,832.0,0.0,2005401.6,1626931.2,1.232628398791541,0,0,0,0,0,supplied_telemetry,supplied_telemetry.jsonl
9042,10.0,5,5,0,0,0.0,0.0,0,0,0,11.739999999999998,17.0,3.1077966471440823,70.5,71.7,0.6033241251599357,6796902.4,27910144.0,10610665.539570902,1485209.6,4075520.0,1611557.3410002638,832.0,832.0,0.0,742604.8,3398451.2,0.2185127154393154,0,0,0,0,0,supplied_telemetry,supplied_telemetry.jsonl
9043,10.0,5,5,0,0,0.0,0.0,0,0,0,7.32,11.7,3.3156598136720836,70.1,70.8,0.3577708763999651,416972.8,1277952.0,484738.0219023054,953548.8,3407872.0,1241555.3696885854,832.0,832.0,0.0,476774.4,208486.4,2.286836935166994,0,0,0,0,0,supplied_telemetry,supplied_telemetry.jsonl
9044,10.0,5,5,0,0,0.0,0.0,0,0,0,7.159999999999999,10.8,2.274730753298069,70.74,71.6,0.4963869458396312,3922329.6,8994816.0,3317157.782776912,1752268.8,4804608.0,1927240.734185369,832.0,832.0,0.0,876134.4,1961164.8,0.4467418546365915,0,0,0,0,0,supplied_telemetry,supplied_telemetry.jsonl
9045,10.0,6,5,1,0,0.1,0.0,0,1,0,3.06,4.2,0.5713142742834281,70.24,70.3,0.04898979485566078,553779.2,2752512.0,1099384.7128131988,244940.8,610304.0,221508.4080231719,832.6,833.0,0.48989794855663565,122470.4,276889.6,0.44230769230769235,0,0,0,0,0,supplied_telemetry,supplied_telemetry.jsonl
9046,10.0,5,5,0,0,0.0,0.0,0,0,0,2.84,3.4,0.2870540018881464,70.2,70.2,0.0,0.0,0.0,0.0,788889.6,3346432.0,1284231.807555256,833.0,833.0,0.0,394444.8,0.0,394444.8,0,0,0,0,0,supplied_telemetry,supplied_telemetry.jsonl
9047,10.0,4,4,0,0,0.0,0.0,0,0,0,3.325,3.7,0.414578098794425,70.625,71.2,0.34186985827943545,77824.0,212992.0,86647.58600215011,271360.0,684032.0,277008.5614272599,833.0,833.0,0.0,108544.0,31129.6,3.486842105263158,0,0,0,0,0,supplied_telemetry,supplied_telemetry.jsonl
9048,10.0,5,5,0,0,0.0,0.0,0,0,0,4.9,7.6,1.9411336893681486,70.34,70.4,0.08000000000000185,27033.6,118784.0,46311.9778614561,139264.0,360448.0,148069.1253057166,833.0,833.0,0.0,69632.0,13516.8,5.151515151515151,0,0,0,0,0,supplied_telemetry,supplied_telemetry.jsonl
9049,10.0,5,5,0,0,0.0,0.0,0,0,0,4.24,6.6,1.2626955294131676,70.08,70.2,0.09797958971132503,425984.0,1925120.0,753753.0382187524,368640.0,1294336.0,474662.6055496683,832.6,833.0,0.8,184320.0,212992.0,0.8653846153846154,0,0,0,0,0,supplied_telemetry,supplied_telemetry.jsonl
9050,10.0,6,5,1,0,0.1,0.0,0,1,0,6.1,14.9,4.521504174497686,70.17999999999999,70.9,0.47916594202843754,7053312.0,26300416.0,9667168.479832096,633241.6,1277952.0,499501.11222202494,831.4,832.0,0.48989794855663565,316620.8,3526656.0,0.08977932636469221,0,0,0,0,0,supplied_telemetry,supplied_telemetry.jsonl
9051,10.0,5,5,0,0,0.0,0.0,0,0,0,3.4,7.3,1.972815247305231,69.6,70.3,0.3687817782917154,412876.8,1585152.0,587226.4223722907,254771.2,466944.0,145978.58978137857,832.0,832.0,0.0,127385.6,206438.4,0.6170634920634921,0,0,0,0,0,supplied_telemetry,supplied_telemetry.jsonl
9052,10.0,5,5,0,0,0.0,0.0,0,0,0,5.0600000000000005,13.6,4.31907397482377,70.36,70.8,0.34985711369071504,5689344.0,26451968.0,10399252.113456005,1727692.8,3727360.0,1612233.46920803,832.0,832.0,0.0,863846.4,2844672.0,0.30367170626349893,0,0,0,0,0,supplied_telemetry,supplied_telemetry.jsonl
9053,10.0,3,3,0,0,0.0,0.0,0,0,0,10.066666666666666,12.0,1.5520595635763756,71.16666666666666,71.8,0.4921607686744479,1526442.6666666667,3600384.0,1506794.8815675683,1019904.0,2719744.0,1205481.8645946803,832.0,832.0,0.0,305971.2,457932.8,0.6681574239713775,0,0,0,0,0,supplied_telemetry,supplied_telemetry.jsonl
